"","uhash","nr","task_id","learner_id","resampling_id","iteration","D-Calibration","Brier score","C_Harrell","C_Uno","time_train","time_predict","learner_id1","learner_id2"
"1","e5b6ccb3-709e-4068-9543-dcff61d98063",2,"GBSG2 (N=686)","class.binary_enc.removeconstants.reg.scale.class_semipar_coxph","cv",1,3.18676497579839,0.163870411478194,0.707226097583771,0.745577454566956,0.323,0.135999999999999,"coxph","coxph"
"2","e5b6ccb3-709e-4068-9543-dcff61d98063",2,"GBSG2 (N=686)","class.binary_enc.removeconstants.reg.scale.class_semipar_coxph","cv",2,3.87154058644118,0.164545049525258,0.695594966411591,0.660004913806915,0.326000000000001,0.132000000000001,"coxph","coxph"
"3","e5b6ccb3-709e-4068-9543-dcff61d98063",2,"GBSG2 (N=686)","class.binary_enc.removeconstants.reg.scale.class_semipar_coxph","cv",3,12063738.7022729,0.176374314893097,0.638498902320862,0.631678521633148,0.322000000000003,0.145000000000003,"coxph","coxph"
"4","3604b374-4cf5-45e6-9fe9-86278ca4fb25",5,"GBSG2 (N=686)","class.binary_enc.removeconstants.reg.scale.class_semipar_penalized.tuned","cv",1,1.32483149148177,0.179513806093152,0.689543783664703,0.737698256969452,60.542,0.175999999999988,"Penalized Cox PH","Penalized Cox PH"
"5","3604b374-4cf5-45e6-9fe9-86278ca4fb25",5,"GBSG2 (N=686)","class.binary_enc.removeconstants.reg.scale.class_semipar_penalized.tuned","cv",2,4.75342207322798,0.16478410448931,0.698365449905396,0.656113743782043,62.384,0.175999999999988,"Penalized Cox PH","Penalized Cox PH"
"6","3604b374-4cf5-45e6-9fe9-86278ca4fb25",5,"GBSG2 (N=686)","class.binary_enc.removeconstants.reg.scale.class_semipar_penalized.tuned","cv",3,5717476.50237414,0.173182894145109,0.641671180725098,0.640035033226013,61.06,0.18100000000004,"Penalized Cox PH","Penalized Cox PH"
"7","13a73498-58ab-476c-8fc4-09251932900c",6,"GBSG2 (N=686)","class.binary_enc.removeconstants.reg.scale.ml_ranfor_rfsrc_brier.tuned","cv",1,1.43396278529169,0.175398888848825,0.719680309295654,0.754343390464783,134.749,0.190000000000055,"RSF","RSF"
"8","13a73498-58ab-476c-8fc4-09251932900c",6,"GBSG2 (N=686)","class.binary_enc.removeconstants.reg.scale.ml_ranfor_rfsrc_brier.tuned","cv",2,6.06242540179092,0.166457630307771,0.690053999423981,0.661187410354614,140.351,0.242000000000075,"RSF","RSF"
"9","13a73498-58ab-476c-8fc4-09251932900c",6,"GBSG2 (N=686)","class.binary_enc.removeconstants.reg.scale.ml_ranfor_rfsrc_brier.tuned","cv",3,3.58319487744643,0.173052842349094,0.659084796905518,0.646271169185638,136.125,0.227999999999952,"RSF","RSF"
"10","d13535b8-4413-481d-9ada-9622fd6df884",7,"GBSG2 (N=686)","class.binary_enc.removeconstants.reg.scale.ml_ranfor_aorsf_fast.tuned","cv",1,1.97309258648536,0.164031816344046,0.716017305850983,0.757015883922577,86.018,0.16700000000003,"ORSF-fast","ORSF-fast"
"11","d13535b8-4413-481d-9ada-9622fd6df884",7,"GBSG2 (N=686)","class.binary_enc.removeconstants.reg.scale.ml_ranfor_aorsf_fast.tuned","cv",2,2.79116617508221,0.164168695549925,0.697603523731232,0.671959400177002,87.0779999999999,0.201000000000022,"ORSF-fast","ORSF-fast"
"12","d13535b8-4413-481d-9ada-9622fd6df884",7,"GBSG2 (N=686)","class.binary_enc.removeconstants.reg.scale.ml_ranfor_aorsf_fast.tuned","cv",3,1.74197583603243,0.169880919927964,0.658004879951477,0.64620316028595,93.1849999999999,0.242999999999938,"ORSF-fast","ORSF-fast"
"13","31702e42-2ba7-4dde-95bc-1273c42ef6dd",8,"GBSG2 (N=686)","class.binary_enc.removeconstants.reg.scale.ml_ranfor_aorsf_cph.tuned","cv",1,2.23293605236939,0.164460279066026,0.720213115215302,0.758543908596039,101.397,0.169000000000096,"ORSF-cph","ORSF-cph"
"14","31702e42-2ba7-4dde-95bc-1273c42ef6dd",8,"GBSG2 (N=686)","class.binary_enc.removeconstants.reg.scale.ml_ranfor_aorsf_cph.tuned","cv",2,1.46902564304895,0.16318129026783,0.702798187732697,0.671983242034912,99.8789999999999,0.176999999999907,"ORSF-cph","ORSF-cph"
"15","31702e42-2ba7-4dde-95bc-1273c42ef6dd",8,"GBSG2 (N=686)","class.binary_enc.removeconstants.reg.scale.ml_ranfor_aorsf_cph.tuned","cv",3,2.74512699343544,0.169087755775422,0.661177098751068,0.645861864089966,99.0170000000001,0.183999999999969,"ORSF-cph","ORSF-cph"
"16","30fb2d4c-bcb1-4d41-955d-2181eb955072",9,"GBSG2 (N=686)","class.binary_enc.removeconstants.reg.scale.ml_ranfor_aorsf_net.tuned","cv",1,1.39425445904178,0.161526237794707,0.717349290847778,0.756547152996063,1209.464,0.177000000000135,"ORSF-net","ORSF-net"
"17","30fb2d4c-bcb1-4d41-955d-2181eb955072",9,"GBSG2 (N=686)","class.binary_enc.removeconstants.reg.scale.ml_ranfor_aorsf_net.tuned","cv",2,1.53632809728205,0.163800067529471,0.699542880058289,0.676358044147491,1270.628,0.175999999999931,"ORSF-net","ORSF-net"
"18","30fb2d4c-bcb1-4d41-955d-2181eb955072",9,"GBSG2 (N=686)","class.binary_enc.removeconstants.reg.scale.ml_ranfor_aorsf_net.tuned","cv",3,1.987848439899,0.168842224662872,0.663134455680847,0.65195244550705,1168.36,0.170000000000073,"ORSF-net","ORSF-net"
"19","857e4fb4-5f88-47ac-b67f-d3468c438014",10,"GBSG2 (N=686)","class.binary_enc.removeconstants.reg.scale.surv.aorsfnew_min.tuned","cv",1,3.37012177117299,0.160796275906387,0.719547092914581,0.757973253726959,12433.096,0.161000000000058,"ORSF-lasso-min","ORSF-lasso-min"
"20","857e4fb4-5f88-47ac-b67f-d3468c438014",10,"GBSG2 (N=686)","class.binary_enc.removeconstants.reg.scale.surv.aorsfnew_min.tuned","cv",2,4.87638142145644,0.166168381678328,0.695941269397736,0.673963367938995,13233.243,0.169000000001688,"ORSF-lasso-min","ORSF-lasso-min"
"21","857e4fb4-5f88-47ac-b67f-d3468c438014",10,"GBSG2 (N=686)","class.binary_enc.removeconstants.reg.scale.surv.aorsfnew_min.tuned","cv",3,0.795602826262384,0.168929201549698,0.655440092086792,0.655714273452759,13113.319,0.19999999999709,"ORSF-lasso-min","ORSF-lasso-min"
"22","ddaf8760-88a4-47ac-a66f-4623815d2319",11,"GBSG2 (N=686)","class.binary_enc.removeconstants.reg.scale.surv.aorsfnew_se.tuned","cv",1,1.0373784238801,0.193380443887997,0.704262375831604,0.707215070724487,5600.919,0.155999999995402,"ORSF-lasso-net","ORSF-lasso-net"
"23","ddaf8760-88a4-47ac-a66f-4623815d2319",11,"GBSG2 (N=686)","class.binary_enc.removeconstants.reg.scale.surv.aorsfnew_se.tuned","cv",2,5.38057571066648,0.180471886962366,0.671145558357239,0.64267486333847,7224.22500000001,0.163000000000466,"ORSF-lasso-net","ORSF-lasso-net"
"24","ddaf8760-88a4-47ac-a66f-4623815d2319",11,"GBSG2 (N=686)","class.binary_enc.removeconstants.reg.scale.surv.aorsfnew_se.tuned","cv",3,3.2800197763574,0.174020062895487,0.642211139202118,0.64473694562912,10384.536,0.184000000008382,"ORSF-lasso-net","ORSF-lasso-net"
"25","33812997-d54a-4dbc-a286-18e1e74e3e30",12,"GBSG2 (N=686)","class.binary_enc.removeconstants.reg.scale.surv.aorsfnew_mr_2q.tuned","cv",1,4.31827704692137,0.169282357346645,0.7144855260849,0.752722501754761,3750.63799999999,0.165999999997439,"ORSF-mrmr-2q","ORSF-mrmr-2q"
"26","33812997-d54a-4dbc-a286-18e1e74e3e30",12,"GBSG2 (N=686)","class.binary_enc.removeconstants.reg.scale.surv.aorsfnew_mr_2q.tuned","cv",2,2.56082493409296,0.165785391265156,0.707369446754456,0.678275883197784,3790.556,0.192999999999302,"ORSF-mrmr-2q","ORSF-mrmr-2q"
"27","33812997-d54a-4dbc-a286-18e1e74e3e30",12,"GBSG2 (N=686)","class.binary_enc.removeconstants.reg.scale.surv.aorsfnew_mr_2q.tuned","cv",3,2.74531592080162,0.172648250608999,0.656317472457886,0.638943135738373,3541.698,0.174999999988358,"ORSF-mrmr-2q","ORSF-mrmr-2q"
"28","08d690cb-70af-46d0-8535-96e7f3e7e870",13,"GBSG2 (N=686)","class.binary_enc.removeconstants.reg.scale.surv.aorsfnew_mr_1q.tuned","cv",1,4.07504709783008,0.162606642405644,0.720945715904236,0.759382307529449,3653.34,0.184999999997672,"ORSF-mrmr-1q","ORSF-mrmr-1q"
"29","08d690cb-70af-46d0-8535-96e7f3e7e870",13,"GBSG2 (N=686)","class.binary_enc.removeconstants.reg.scale.surv.aorsfnew_mr_1q.tuned","cv",2,2.48870558582095,0.165283273037049,0.697395741939545,0.673386991024017,3612.35000000001,0.162000000011176,"ORSF-mrmr-1q","ORSF-mrmr-1q"
"30","08d690cb-70af-46d0-8535-96e7f3e7e870",13,"GBSG2 (N=686)","class.binary_enc.removeconstants.reg.scale.surv.aorsfnew_mr_1q.tuned","cv",3,2.60477351953817,0.170475188472872,0.661784529685974,0.644944369792938,3715.38099999999,0.165000000008149,"ORSF-mrmr-1q","ORSF-mrmr-1q"
"31","2f8e5f21-b4cb-464b-a909-b38ce14314c0",14,"GBSG2 (N=686)","class.binary_enc.removeconstants.reg.scale.surv.aorsfnew_mr_3q.tuned","cv",1,1.65970596819093,0.183735156304119,0.701498508453369,0.743950843811035,2141.372,0.179000000003725,"ORSF-mrmr-3q","ORSF-mrmr-3q"
"32","2f8e5f21-b4cb-464b-a909-b38ce14314c0",14,"GBSG2 (N=686)","class.binary_enc.removeconstants.reg.scale.surv.aorsfnew_mr_3q.tuned","cv",2,6.21644632809685,0.177792756908074,0.711317360401154,0.674460470676422,2354.128,0.18300000000454,"ORSF-mrmr-3q","ORSF-mrmr-3q"
"33","2f8e5f21-b4cb-464b-a909-b38ce14314c0",14,"GBSG2 (N=686)","class.binary_enc.removeconstants.reg.scale.surv.aorsfnew_mr_3q.tuned","cv",3,4.91558210442625,0.183851203366911,0.623852610588074,0.596748292446136,3330.88099999999,0.173999999999069,"ORSF-mrmr-3q","ORSF-mrmr-3q"
"34","ac3bcdca-179f-4de2-8d89-112cca87a1a1",15,"GBSG2 (N=686)","class.binary_enc.removeconstants.reg.scale.surv.aorsfnew_cv_fndr.tuned","cv",1,7.77481706311823,0.1609801679481,0.7237429022789,0.759338676929474,6196.85799999999,0.186000000001513,"ORSF-cars-fndr","ORSF-cars-fndr"
"35","ac3bcdca-179f-4de2-8d89-112cca87a1a1",15,"GBSG2 (N=686)","class.binary_enc.removeconstants.reg.scale.surv.aorsfnew_cv_fndr.tuned","cv",2,2.60692583072943,0.16510041227771,0.703698575496674,0.679284393787384,6276.879,0.1759999999922,"ORSF-cars-fndr","ORSF-cars-fndr"
"36","ac3bcdca-179f-4de2-8d89-112cca87a1a1",15,"GBSG2 (N=686)","class.binary_enc.removeconstants.reg.scale.surv.aorsfnew_cv_fndr.tuned","cv",3,2.46117971012953,0.1693734814826,0.663471937179565,0.648812115192413,6084.033,0.20700000000943,"ORSF-cars-fndr","ORSF-cars-fndr"
"37","94a442ec-2f34-455c-bf2a-382698515d48",16,"GBSG2 (N=686)","class.binary_enc.removeconstants.reg.scale.surv.aorsfnew_cv_1q.tuned","cv",1,2.73123988114213,0.179913325568095,0.727672338485718,0.766717791557312,2711.83500000001,0.18300000000454,"ORSF-cars-1q","ORSF-cars-1q"
"38","94a442ec-2f34-455c-bf2a-382698515d48",16,"GBSG2 (N=686)","class.binary_enc.removeconstants.reg.scale.surv.aorsfnew_cv_1q.tuned","cv",2,4.94060877135105,0.167696336884973,0.702105581760406,0.677453815937042,3504.874,0.16799999999057,"ORSF-cars-1q","ORSF-cars-1q"
"39","94a442ec-2f34-455c-bf2a-382698515d48",16,"GBSG2 (N=686)","class.binary_enc.removeconstants.reg.scale.surv.aorsfnew_cv_1q.tuned","cv",3,2.46927698908672,0.170884664438531,0.661447107791901,0.642468631267548,3649.776,0.188999999998487,"ORSF-cars-1q","ORSF-cars-1q"
"40","2855c920-6713-463d-a562-5a1154a34956",17,"GBSG2 (N=686)","class.binary_enc.removeconstants.reg.scale.surv.aorsfnew_cv_2q.tuned","cv",1,3.31994308319793,0.166763834268553,0.720479547977448,0.760153889656067,3377.95,0.188999999998487,"ORSF-cars-2q","ORSF-cars-2q"
"41","2855c920-6713-463d-a562-5a1154a34956",17,"GBSG2 (N=686)","class.binary_enc.removeconstants.reg.scale.surv.aorsfnew_cv_2q.tuned","cv",2,2.63470735723998,0.165787345381831,0.701066613197327,0.675636470317841,3407.14599999999,0.162000000011176,"ORSF-cars-2q","ORSF-cars-2q"
"42","2855c920-6713-463d-a562-5a1154a34956",17,"GBSG2 (N=686)","class.binary_enc.removeconstants.reg.scale.surv.aorsfnew_cv_2q.tuned","cv",3,1.47810970796623,0.169569116921917,0.659084796905518,0.64654403924942,3656.20000000001,0.173999999999069,"ORSF-cars-2q","ORSF-cars-2q"
"43","25b586cc-bbe8-4cd9-99ef-a70affcaff23",18,"GBSG2 (N=686)","class.binary_enc.removeconstants.reg.scale.surv.aorsfnew_cv_3q.tuned","cv",1,4.55800393165594,0.160908827220746,0.725674331188202,0.761935353279114,3482.64799999999,0.165999999997439,"ORSF-cars-3q","ORSF-cars-3q"
"44","25b586cc-bbe8-4cd9-99ef-a70affcaff23",18,"GBSG2 (N=686)","class.binary_enc.removeconstants.reg.scale.surv.aorsfnew_cv_3q.tuned","cv",2,6.8728695731129,0.166116098480697,0.703837096691132,0.680284023284912,3585.47899999999,0.198000000003958,"ORSF-cars-3q","ORSF-cars-3q"
"45","25b586cc-bbe8-4cd9-99ef-a70affcaff23",18,"GBSG2 (N=686)","class.binary_enc.removeconstants.reg.scale.surv.aorsfnew_cv_3q.tuned","cv",3,1.7704309514009,0.169618745259231,0.661784529685974,0.649294793605804,3719.78599999999,0.230000000010477,"ORSF-cars-3q","ORSF-cars-3q"
"46","55ae1e9e-61b9-4bf2-88f1-099aba1017c6",2,"colon (N=929)","class.binary_enc.removeconstants.reg.scale.class_semipar_coxph","cv",1,2.93346609462784,0.189608578690526,0.669893145561218,0.652934789657593,0.449999999999999,0.23,"coxph","coxph"
"47","55ae1e9e-61b9-4bf2-88f1-099aba1017c6",2,"colon (N=929)","class.binary_enc.removeconstants.reg.scale.class_semipar_coxph","cv",2,4.29591541274083,0.172648651324321,0.640801191329956,0.656165957450867,0.443999999999999,0.23,"coxph","coxph"
"48","55ae1e9e-61b9-4bf2-88f1-099aba1017c6",2,"colon (N=929)","class.binary_enc.removeconstants.reg.scale.class_semipar_coxph","cv",3,12.8110261619839,0.186199651513022,0.612570703029633,0.608564734458923,0.445,0.247,"coxph","coxph"
"49","e5a1f0f5-6146-4e65-866c-d3ea4627974f",5,"colon (N=929)","class.binary_enc.removeconstants.reg.scale.class_semipar_penalized.tuned","cv",1,2.7694896874158,0.189960127256435,0.671348750591278,0.654227495193481,83.656,0.236000000000047,"Penalized Cox PH","Penalized Cox PH"
"50","e5a1f0f5-6146-4e65-866c-d3ea4627974f",5,"colon (N=929)","class.binary_enc.removeconstants.reg.scale.class_semipar_penalized.tuned","cv",2,7.01986106631348,0.171394692092772,0.649803340435028,0.662898421287537,85.0700000000001,0.229000000000042,"Penalized Cox PH","Penalized Cox PH"
"51","e5a1f0f5-6146-4e65-866c-d3ea4627974f",5,"colon (N=929)","class.binary_enc.removeconstants.reg.scale.class_semipar_penalized.tuned","cv",3,4.41961570373871,0.184452514327694,0.601348400115967,0.599646747112274,85.6959999999999,0.263000000000034,"Penalized Cox PH","Penalized Cox PH"
"52","d6e5ef9c-d7c3-4c13-8a3f-667c0b28bc9a",6,"colon (N=929)","class.binary_enc.removeconstants.reg.scale.ml_ranfor_rfsrc_brier.tuned","cv",1,1.69438924203623,0.189207804649968,0.67440539598465,0.649961590766907,227.839,0.437000000000012,"RSF","RSF"
"53","d6e5ef9c-d7c3-4c13-8a3f-667c0b28bc9a",6,"colon (N=929)","class.binary_enc.removeconstants.reg.scale.ml_ranfor_rfsrc_brier.tuned","cv",2,10.2558981424852,0.172054480919968,0.659679532051086,0.663696348667145,231.477,0.326000000000022,"RSF","RSF"
"54","d6e5ef9c-d7c3-4c13-8a3f-667c0b28bc9a",6,"colon (N=929)","class.binary_enc.removeconstants.reg.scale.ml_ranfor_rfsrc_brier.tuned","cv",3,5.5604084203253,0.184070962970016,0.630810499191284,0.631522536277771,212.52,0.396999999999935,"RSF","RSF"
"55","e115ebe7-0bf1-475c-8fcc-fa50d2816ed3",7,"colon (N=929)","class.binary_enc.removeconstants.reg.scale.ml_ranfor_aorsf_fast.tuned","cv",1,2.81672386774338,0.187582281980166,0.670912027359009,0.645033001899719,129.801,0.341000000000122,"ORSF-fast","ORSF-fast"
"56","e115ebe7-0bf1-475c-8fcc-fa50d2816ed3",7,"colon (N=929)","class.binary_enc.removeconstants.reg.scale.ml_ranfor_aorsf_fast.tuned","cv",2,7.64943308280934,0.17137007735814,0.661922812461853,0.665404438972473,130.189,0.293999999999869,"ORSF-fast","ORSF-fast"
"57","e115ebe7-0bf1-475c-8fcc-fa50d2816ed3",7,"colon (N=929)","class.binary_enc.removeconstants.reg.scale.ml_ranfor_aorsf_fast.tuned","cv",3,4.70895885552436,0.182092315988529,0.633565306663513,0.633415997028351,130.042,0.253999999999905,"ORSF-fast","ORSF-fast"
"58","e10eb144-6f82-4e86-8372-5a3820dc731c",8,"colon (N=929)","class.binary_enc.removeconstants.reg.scale.ml_ranfor_aorsf_cph.tuned","cv",1,2.91609483689024,0.186477684017655,0.678131639957428,0.651979267597198,151.458,0.278999999999996,"ORSF-cph","ORSF-cph"
"59","e10eb144-6f82-4e86-8372-5a3820dc731c",8,"colon (N=929)","class.binary_enc.removeconstants.reg.scale.ml_ranfor_aorsf_cph.tuned","cv",2,7.06620397182648,0.172215270942279,0.659155130386353,0.664525151252747,155.658,0.346000000000004,"ORSF-cph","ORSF-cph"
"60","e10eb144-6f82-4e86-8372-5a3820dc731c",8,"colon (N=929)","class.binary_enc.removeconstants.reg.scale.ml_ranfor_aorsf_cph.tuned","cv",3,6.93286001150286,0.184729732691002,0.629679560661316,0.629480540752411,158.03,0.355000000000018,"ORSF-cph","ORSF-cph"
"61","fbaa88bf-6d15-4c16-ad7c-4ed86e1805ef",9,"colon (N=929)","class.binary_enc.removeconstants.reg.scale.ml_ranfor_aorsf_net.tuned","cv",1,3.79246120919953,0.187050898739111,0.67251318693161,0.647681772708893,1726.625,0.305000000000291,"ORSF-net","ORSF-net"
"62","fbaa88bf-6d15-4c16-ad7c-4ed86e1805ef",9,"colon (N=929)","class.binary_enc.removeconstants.reg.scale.ml_ranfor_aorsf_net.tuned","cv",2,9.36725942680471,0.171822459229916,0.658048093318939,0.661372661590576,1739.7,0.25,"ORSF-net","ORSF-net"
"63","fbaa88bf-6d15-4c16-ad7c-4ed86e1805ef",9,"colon (N=929)","class.binary_enc.removeconstants.reg.scale.ml_ranfor_aorsf_net.tuned","cv",3,5.11344058432522,0.182872348921188,0.634116291999817,0.634189307689667,1790.921,0.317999999999302,"ORSF-net","ORSF-net"
"64","e555e0ce-75cc-4bc1-b812-4007be1eca91",10,"colon (N=929)","class.binary_enc.removeconstants.reg.scale.surv.aorsfnew_min.tuned","cv",1,2.34475725749199,0.191558290298264,0.669703960418701,0.647971570491791,11864.841,0.281000000002678,"ORSF-lasso-min","ORSF-lasso-min"
"65","e555e0ce-75cc-4bc1-b812-4007be1eca91",10,"colon (N=929)","class.binary_enc.removeconstants.reg.scale.surv.aorsfnew_min.tuned","cv",2,8.00920291336483,0.169770288060068,0.668084502220154,0.671433448791504,14267.593,0.253999999993539,"ORSF-lasso-min","ORSF-lasso-min"
"66","e555e0ce-75cc-4bc1-b812-4007be1eca91",10,"colon (N=929)","class.binary_enc.removeconstants.reg.scale.surv.aorsfnew_min.tuned","cv",3,3.00084989208031,0.185249443334968,0.631404936313629,0.631584405899048,14538.956,0.277000000001863,"ORSF-lasso-min","ORSF-lasso-min"
"67","6e6f62dd-febe-4d68-bf6e-8ddbbb6d9ff0",11,"colon (N=929)","class.binary_enc.removeconstants.reg.scale.surv.aorsfnew_se.tuned","cv",1,5.43715234401444,0.200217822716576,0.66325581073761,0.64381730556488,8128.625,0.266999999999825,"ORSF-lasso-net","ORSF-lasso-net"
"68","6e6f62dd-febe-4d68-bf6e-8ddbbb6d9ff0",11,"colon (N=929)","class.binary_enc.removeconstants.reg.scale.surv.aorsfnew_se.tuned","cv",2,16.488337342712,0.179482693658505,0.677115797996521,0.670591354370117,8012.773,0.247000000003027,"ORSF-lasso-net","ORSF-lasso-net"
"69","6e6f62dd-febe-4d68-bf6e-8ddbbb6d9ff0",11,"colon (N=929)","class.binary_enc.removeconstants.reg.scale.surv.aorsfnew_se.tuned","cv",3,5.15740003618027,0.188651031672924,0.604175746440887,0.602177619934082,9246.93200000001,0.25,"ORSF-lasso-net","ORSF-lasso-net"
"70","3d05f0ca-5408-49ab-a13b-71f200d6e1e6",12,"colon (N=929)","class.binary_enc.removeconstants.reg.scale.surv.aorsfnew_mr_2q.tuned","cv",1,2.72924228244083,0.213359690238214,0.654755294322968,0.635021924972534,1587.11500000001,0.272999999986496,"ORSF-mrmr-2q","ORSF-mrmr-2q"
"71","3d05f0ca-5408-49ab-a13b-71f200d6e1e6",12,"colon (N=929)","class.binary_enc.removeconstants.reg.scale.surv.aorsfnew_mr_2q.tuned","cv",2,5.1603628809511,0.197940410171245,0.598135471343994,0.597813785076141,3078.14099999999,0.271999999997206,"ORSF-mrmr-2q","ORSF-mrmr-2q"
"72","3d05f0ca-5408-49ab-a13b-71f200d6e1e6",12,"colon (N=929)","class.binary_enc.removeconstants.reg.scale.surv.aorsfnew_mr_2q.tuned","cv",3,2.49085771847901,0.189431207434182,0.600058019161224,0.597656428813934,3599.735,0.264999999999418,"ORSF-mrmr-2q","ORSF-mrmr-2q"
"73","6997df81-2847-4a64-820b-6dc60bda697e",13,"colon (N=929)","class.binary_enc.removeconstants.reg.scale.surv.aorsfnew_mr_1q.tuned","cv",1,2.89374470499059,0.192376960138253,0.667447805404663,0.646682441234589,5089.16200000001,0.253000000011525,"ORSF-mrmr-1q","ORSF-mrmr-1q"
"74","6997df81-2847-4a64-820b-6dc60bda697e",13,"colon (N=929)","class.binary_enc.removeconstants.reg.scale.surv.aorsfnew_mr_1q.tuned","cv",2,9.51436182872559,0.180569262815847,0.644471943378448,0.646763622760773,4569.00899999999,0.287000000011176,"ORSF-mrmr-1q","ORSF-mrmr-1q"
"75","6997df81-2847-4a64-820b-6dc60bda697e",13,"colon (N=929)","class.binary_enc.removeconstants.reg.scale.surv.aorsfnew_mr_1q.tuned","cv",3,1.41911922121706,0.184209989035799,0.62704074382782,0.626713335514069,5376.052,0.256999999997788,"ORSF-mrmr-1q","ORSF-mrmr-1q"
"76","3745bfdf-e65c-4387-b9aa-879a5f55c319",14,"colon (N=929)","class.binary_enc.removeconstants.reg.scale.surv.aorsfnew_mr_3q.tuned","cv",1,1.77802324347497,0.218610117946624,0.628860890865326,0.603072166442871,1285.13099999999,0.277000000001863,"ORSF-mrmr-3q","ORSF-mrmr-3q"
"77","3745bfdf-e65c-4387-b9aa-879a5f55c319",14,"colon (N=929)","class.binary_enc.removeconstants.reg.scale.surv.aorsfnew_mr_3q.tuned","cv",2,4.0050990011097,0.197918808641023,0.602126717567444,0.60527628660202,1738.18100000001,0.278000000005704,"ORSF-mrmr-3q","ORSF-mrmr-3q"
"78","3745bfdf-e65c-4387-b9aa-879a5f55c319",14,"colon (N=929)","class.binary_enc.removeconstants.reg.scale.surv.aorsfnew_mr_3q.tuned","cv",3,1.34849015110913,0.193155558316119,0.548223853111267,0.547816157341003,2294.48999999999,0.25,"ORSF-mrmr-3q","ORSF-mrmr-3q"
"79","c94a82fc-57d1-403e-a739-41979229099a",15,"colon (N=929)","class.binary_enc.removeconstants.reg.scale.surv.aorsfnew_cv_fndr.tuned","cv",1,1.70297964923689,0.185265052729336,0.673532068729401,0.64848119020462,8742.83499999999,0.294000000008964,"ORSF-cars-fndr","ORSF-cars-fndr"
"80","c94a82fc-57d1-403e-a739-41979229099a",15,"colon (N=929)","class.binary_enc.removeconstants.reg.scale.surv.aorsfnew_cv_fndr.tuned","cv",2,11.7852678566089,0.171766241287302,0.657931566238403,0.660421431064606,9292.72099999999,0.296000000002095,"ORSF-cars-fndr","ORSF-cars-fndr"
"81","c94a82fc-57d1-403e-a739-41979229099a",15,"colon (N=929)","class.binary_enc.removeconstants.reg.scale.surv.aorsfnew_cv_fndr.tuned","cv",3,2.78109744025223,0.183716468143381,0.631767451763153,0.631718516349792,8334.825,0.293999999994412,"ORSF-cars-fndr","ORSF-cars-fndr"
"82","a630dd9b-277e-4024-bef3-c752c9b68c97",16,"colon (N=929)","class.binary_enc.removeconstants.reg.scale.surv.aorsfnew_cv_1q.tuned","cv",1,4.08467344227367,0.19610856885166,0.671174049377441,0.64178478717804,3821.38100000001,0.285999999992782,"ORSF-cars-1q","ORSF-cars-1q"
"83","a630dd9b-277e-4024-bef3-c752c9b68c97",16,"colon (N=929)","class.binary_enc.removeconstants.reg.scale.surv.aorsfnew_cv_1q.tuned","cv",2,14.0086103169475,0.173179402417478,0.66690456867218,0.668708741664886,4836.33099999998,0.290999999997439,"ORSF-cars-1q","ORSF-cars-1q"
"84","a630dd9b-277e-4024-bef3-c752c9b68c97",16,"colon (N=929)","class.binary_enc.removeconstants.reg.scale.surv.aorsfnew_cv_1q.tuned","cv",3,9.73708896800111,0.186647851349616,0.614774525165558,0.614361643791199,3545.72200000001,0.290999999997439,"ORSF-cars-1q","ORSF-cars-1q"
"85","336f7ab1-afaf-49b2-9d89-e08c036a0516",17,"colon (N=929)","class.binary_enc.removeconstants.reg.scale.surv.aorsfnew_cv_2q.tuned","cv",1,4.07745121171683,0.193990671161447,0.673211812973022,0.648006439208984,4354.09399999998,0.25800000000163,"ORSF-cars-2q","ORSF-cars-2q"
"86","336f7ab1-afaf-49b2-9d89-e08c036a0516",17,"colon (N=929)","class.binary_enc.removeconstants.reg.scale.surv.aorsfnew_cv_2q.tuned","cv",2,11.07377202258,0.171470427094865,0.662301540374756,0.666556179523468,5176.28100000002,0.297000000020489,"ORSF-cars-2q","ORSF-cars-2q"
"87","336f7ab1-afaf-49b2-9d89-e08c036a0516",17,"colon (N=929)","class.binary_enc.removeconstants.reg.scale.surv.aorsfnew_cv_2q.tuned","cv",3,6.59530570385061,0.185286696773882,0.62144410610199,0.620659291744232,5167.15699999998,0.298999999999069,"ORSF-cars-2q","ORSF-cars-2q"
"88","1148b554-f76d-4108-a443-e1b1483b7ac1",18,"colon (N=929)","class.binary_enc.removeconstants.reg.scale.surv.aorsfnew_cv_3q.tuned","cv",1,3.58068741313843,0.194202134353106,0.671770811080933,0.643271625041962,4918.66800000001,0.284999999974389,"ORSF-cars-3q","ORSF-cars-3q"
"89","1148b554-f76d-4108-a443-e1b1483b7ac1",18,"colon (N=929)","class.binary_enc.removeconstants.reg.scale.surv.aorsfnew_cv_3q.tuned","cv",2,12.9957852086201,0.173048510348466,0.665797531604767,0.668864607810974,5255.85500000001,0.25099999998929,"ORSF-cars-3q","ORSF-cars-3q"
"90","1148b554-f76d-4108-a443-e1b1483b7ac1",18,"colon (N=929)","class.binary_enc.removeconstants.reg.scale.surv.aorsfnew_cv_3q.tuned","cv",3,3.69393801827819,0.183815252608701,0.634116291999817,0.634390950202942,5317.28600000002,0.266999999992549,"ORSF-cars-3q","ORSF-cars-3q"
"91","19571691-39fe-496d-9cfc-26b741d3d20c",2,"COST (N=518)","class.binary_enc.removeconstants.reg.scale.class_semipar_coxph","cv",1,47.8320116113534,0.168244713930837,0.67188823223114,0.67188823223114,0.449999999999999,0.146000000000001,"coxph","coxph"
"92","19571691-39fe-496d-9cfc-26b741d3d20c",2,"COST (N=518)","class.binary_enc.removeconstants.reg.scale.class_semipar_coxph","cv",2,51.3913771712143,0.174904325635954,0.671582818031311,0.671582818031311,0.457999999999998,0.146000000000001,"coxph","coxph"
"93","19571691-39fe-496d-9cfc-26b741d3d20c",2,"COST (N=518)","class.binary_enc.removeconstants.reg.scale.class_semipar_coxph","cv",3,235.274447408178,0.162230405184171,0.683620274066925,0.683620274066925,0.475000000000001,0.135999999999999,"coxph","coxph"
"94","a7767d4f-edb9-4a81-b1d2-125319877727",5,"COST (N=518)","class.binary_enc.removeconstants.reg.scale.class_semipar_penalized.tuned","cv",1,28.6495623128812,0.167335538605926,0.674357891082764,0.674357891082764,75.445,0.187000000000012,"Penalized Cox PH","Penalized Cox PH"
"95","a7767d4f-edb9-4a81-b1d2-125319877727",5,"COST (N=518)","class.binary_enc.removeconstants.reg.scale.class_semipar_penalized.tuned","cv",2,25.4465362795828,0.172554604596067,0.67779266834259,0.67779266834259,77.745,0.197000000000003,"Penalized Cox PH","Penalized Cox PH"
"96","a7767d4f-edb9-4a81-b1d2-125319877727",5,"COST (N=518)","class.binary_enc.removeconstants.reg.scale.class_semipar_penalized.tuned","cv",3,40.9298573734468,0.164141594490715,0.681191504001617,0.681191504001617,78.486,0.153999999999996,"Penalized Cox PH","Penalized Cox PH"
"97","0736d7a0-a8ba-4f06-8bb0-85caf97f40e4",6,"COST (N=518)","class.binary_enc.removeconstants.reg.scale.ml_ranfor_rfsrc_brier.tuned","cv",1,12.0374703745272,0.171020766751622,0.668571829795837,0.668571829795837,133.753,0.213000000000079,"RSF","RSF"
"98","0736d7a0-a8ba-4f06-8bb0-85caf97f40e4",6,"COST (N=518)","class.binary_enc.removeconstants.reg.scale.ml_ranfor_rfsrc_brier.tuned","cv",2,4.0540226885524,0.176257187503778,0.677298724651337,0.677298724651337,138.305,0.187999999999988,"RSF","RSF"
"99","0736d7a0-a8ba-4f06-8bb0-85caf97f40e4",6,"COST (N=518)","class.binary_enc.removeconstants.reg.scale.ml_ranfor_rfsrc_brier.tuned","cv",3,7.06075827184145,0.177106841861822,0.663976013660431,0.663976013660431,139.737,0.226000000000113,"RSF","RSF"
"100","e665ae6c-3329-4b52-91b5-e907b6a4c2e1",7,"COST (N=518)","class.binary_enc.removeconstants.reg.scale.ml_ranfor_aorsf_fast.tuned","cv",1,17.555418554565,0.163662259061238,0.683883726596832,0.683883726596832,111.096,0.171000000000049,"ORSF-fast","ORSF-fast"
"101","e665ae6c-3329-4b52-91b5-e907b6a4c2e1",7,"COST (N=518)","class.binary_enc.removeconstants.reg.scale.ml_ranfor_aorsf_fast.tuned","cv",2,6.45333756150761,0.172585350276348,0.682308912277222,0.682308912277222,106.564,0.23700000000008,"ORSF-fast","ORSF-fast"
"102","e665ae6c-3329-4b52-91b5-e907b6a4c2e1",7,"COST (N=518)","class.binary_enc.removeconstants.reg.scale.ml_ranfor_aorsf_fast.tuned","cv",3,8.30079396220435,0.168908269743497,0.673833847045898,0.673833847045898,111.148,0.168999999999869,"ORSF-fast","ORSF-fast"
"103","e143bdf5-3994-4118-9077-7c82a55d74dc",8,"COST (N=518)","class.binary_enc.removeconstants.reg.scale.ml_ranfor_aorsf_cph.tuned","cv",1,15.1773642821709,0.16476177736925,0.683530926704407,0.683530926704407,115.079,0.214999999999918,"ORSF-cph","ORSF-cph"
"104","e143bdf5-3994-4118-9077-7c82a55d74dc",8,"COST (N=518)","class.binary_enc.removeconstants.reg.scale.ml_ranfor_aorsf_cph.tuned","cv",2,8.14042855398309,0.171709422465971,0.674264371395111,0.674264371395111,123.683,0.180000000000064,"ORSF-cph","ORSF-cph"
"105","e143bdf5-3994-4118-9077-7c82a55d74dc",8,"COST (N=518)","class.binary_enc.removeconstants.reg.scale.ml_ranfor_aorsf_cph.tuned","cv",3,4.27101607771511,0.166509262565008,0.679762840270996,0.679762840270996,120.174,0.202999999999975,"ORSF-cph","ORSF-cph"
"106","35f3cc04-0c34-449a-a9f3-1933dee421bb",9,"COST (N=518)","class.binary_enc.removeconstants.reg.scale.ml_ranfor_aorsf_net.tuned","cv",1,19.2169381548663,0.163921010632725,0.681555151939392,0.681555151939392,936.897,0.182000000000244,"ORSF-net","ORSF-net"
"107","35f3cc04-0c34-449a-a9f3-1933dee421bb",9,"COST (N=518)","class.binary_enc.removeconstants.reg.scale.ml_ranfor_aorsf_net.tuned","cv",2,5.35687082011492,0.17363644953414,0.679133415222168,0.679133415222168,1001.585,0.192000000000007,"ORSF-net","ORSF-net"
"108","35f3cc04-0c34-449a-a9f3-1933dee421bb",9,"COST (N=518)","class.binary_enc.removeconstants.reg.scale.ml_ranfor_aorsf_net.tuned","cv",3,4.94397762087441,0.168771227671045,0.672976613044739,0.672976613044739,985.32,0.198999999999614,"ORSF-net","ORSF-net"
"109","3723df14-33eb-460a-aecd-33e99468c8ff",10,"COST (N=518)","class.binary_enc.removeconstants.reg.scale.surv.aorsfnew_min.tuned","cv",1,13.860911802079,0.168791495885741,0.674075663089752,0.674075663089752,9894.275,0.206999999998516,"ORSF-lasso-min","ORSF-lasso-min"
"110","3723df14-33eb-460a-aecd-33e99468c8ff",10,"COST (N=518)","class.binary_enc.removeconstants.reg.scale.surv.aorsfnew_min.tuned","cv",2,5.63284470932617,0.175508233290936,0.674052655696869,0.674052655696869,10295.209,0.216000000000349,"ORSF-lasso-min","ORSF-lasso-min"
"111","3723df14-33eb-460a-aecd-33e99468c8ff",10,"COST (N=518)","class.binary_enc.removeconstants.reg.scale.surv.aorsfnew_min.tuned","cv",3,3.69860161598681,0.173889366618613,0.664476037025452,0.664476037025452,10382.43,0.215999999993073,"ORSF-lasso-min","ORSF-lasso-min"
"112","1e4fc9e5-0936-4464-86a3-0c4a2295ae0a",11,"COST (N=518)","class.binary_enc.removeconstants.reg.scale.surv.aorsfnew_se.tuned","cv",1,8.96403673189829,0.176801783938489,0.660598337650299,0.660598337650299,9492.232,0.184999999997672,"ORSF-lasso-net","ORSF-lasso-net"
"113","1e4fc9e5-0936-4464-86a3-0c4a2295ae0a",11,"COST (N=518)","class.binary_enc.removeconstants.reg.scale.surv.aorsfnew_se.tuned","cv",2,3.81634791168277,0.184922689353422,0.644202947616577,0.644202947616577,8860.263,0.206999999994878,"ORSF-lasso-net","ORSF-lasso-net"
"114","1e4fc9e5-0936-4464-86a3-0c4a2295ae0a",11,"COST (N=518)","class.binary_enc.removeconstants.reg.scale.surv.aorsfnew_se.tuned","cv",3,3.01742671340224,0.179612498932001,0.659868538379669,0.659868538379669,8684.533,0.182000000000698,"ORSF-lasso-net","ORSF-lasso-net"
"115","b224b922-c824-4fc6-b1af-d8de2cd223be",12,"COST (N=518)","class.binary_enc.removeconstants.reg.scale.surv.aorsfnew_mr_2q.tuned","cv",1,8.69114589695357,0.193176524650141,0.611522734165192,0.611522734165192,1745.699,0.643000000003667,"ORSF-mrmr-2q","ORSF-mrmr-2q"
"116","b224b922-c824-4fc6-b1af-d8de2cd223be",12,"COST (N=518)","class.binary_enc.removeconstants.reg.scale.surv.aorsfnew_mr_2q.tuned","cv",2,10.1946154701799,0.195464163168541,0.625149965286255,0.625149965286255,2317.977,0.184999999997672,"ORSF-mrmr-2q","ORSF-mrmr-2q"
"117","b224b922-c824-4fc6-b1af-d8de2cd223be",12,"COST (N=518)","class.binary_enc.removeconstants.reg.scale.surv.aorsfnew_mr_2q.tuned","cv",3,5.8816222546228,0.195515636640876,0.614615321159363,0.614615321159363,2334.011,0.176999999996042,"ORSF-mrmr-2q","ORSF-mrmr-2q"
"118","4808b570-102a-43c7-87c8-c3874085a201",13,"COST (N=518)","class.binary_enc.removeconstants.reg.scale.surv.aorsfnew_mr_1q.tuned","cv",1,7.72653546824909,0.174033217053024,0.67774486541748,0.67774486541748,3306.606,0.188000000009197,"ORSF-mrmr-1q","ORSF-mrmr-1q"
"119","4808b570-102a-43c7-87c8-c3874085a201",13,"COST (N=518)","class.binary_enc.removeconstants.reg.scale.surv.aorsfnew_mr_1q.tuned","cv",2,4.77979182415755,0.178435291147693,0.673276424407959,0.673276424407959,3065.34400000001,0.188000000009197,"ORSF-mrmr-1q","ORSF-mrmr-1q"
"120","4808b570-102a-43c7-87c8-c3874085a201",13,"COST (N=518)","class.binary_enc.removeconstants.reg.scale.surv.aorsfnew_mr_1q.tuned","cv",3,9.64812007334518,0.180286999795471,0.651189386844635,0.651189386844635,3018.194,0.188999999998487,"ORSF-mrmr-1q","ORSF-mrmr-1q"
"121","be2e1a12-e4df-4ec6-ac37-13077eaee551",14,"COST (N=518)","class.binary_enc.removeconstants.reg.scale.surv.aorsfnew_mr_3q.tuned","cv",1,8.54613752002263,0.195640762760556,0.582380771636963,0.582380771636963,1358.71400000001,0.215000000011059,"ORSF-mrmr-3q","ORSF-mrmr-3q"
"122","be2e1a12-e4df-4ec6-ac37-13077eaee551",14,"COST (N=518)","class.binary_enc.removeconstants.reg.scale.surv.aorsfnew_mr_3q.tuned","cv",2,12.2377865795808,0.201885496515361,0.618022739887238,0.618022739887238,1430.96999999999,0.179000000003725,"ORSF-mrmr-3q","ORSF-mrmr-3q"
"123","be2e1a12-e4df-4ec6-ac37-13077eaee551",14,"COST (N=518)","class.binary_enc.removeconstants.reg.scale.surv.aorsfnew_mr_3q.tuned","cv",3,10.2352373391297,0.202460027572687,0.614436745643616,0.614436745643616,1705.72300000001,0.171999999991385,"ORSF-mrmr-3q","ORSF-mrmr-3q"
"124","dbb320f3-307f-453e-9328-ada8ea07bf88",15,"COST (N=518)","class.binary_enc.removeconstants.reg.scale.surv.aorsfnew_cv_fndr.tuned","cv",1,14.2825819307774,0.163583824197545,0.689669787883759,0.689669787883759,4897.63800000001,0.190000000002328,"ORSF-cars-fndr","ORSF-cars-fndr"
"125","dbb320f3-307f-453e-9328-ada8ea07bf88",15,"COST (N=518)","class.binary_enc.removeconstants.reg.scale.surv.aorsfnew_cv_fndr.tuned","cv",2,6.03038587122709,0.171692418488794,0.676310777664185,0.676310777664185,5108.95,0.18300000000454,"ORSF-cars-fndr","ORSF-cars-fndr"
"126","dbb320f3-307f-453e-9328-ada8ea07bf88",15,"COST (N=518)","class.binary_enc.removeconstants.reg.scale.surv.aorsfnew_cv_fndr.tuned","cv",3,4.30857698800067,0.168859608184995,0.674333870410919,0.674333870410919,4966.751,0.211999999999534,"ORSF-cars-fndr","ORSF-cars-fndr"
"127","11fb6a57-e63c-4a9e-bef9-328b15d81c55",16,"COST (N=518)","class.binary_enc.removeconstants.reg.scale.surv.aorsfnew_cv_1q.tuned","cv",1,14.5911224188533,0.16614539632258,0.688117384910583,0.688117384910583,3141.95599999999,0.218000000008033,"ORSF-cars-1q","ORSF-cars-1q"
"128","11fb6a57-e63c-4a9e-bef9-328b15d81c55",16,"COST (N=518)","class.binary_enc.removeconstants.reg.scale.surv.aorsfnew_cv_1q.tuned","cv",2,8.17723390169697,0.173444638722177,0.673770368099213,0.673770368099213,3008.83499999999,0.190000000002328,"ORSF-cars-1q","ORSF-cars-1q"
"129","11fb6a57-e63c-4a9e-bef9-328b15d81c55",16,"COST (N=518)","class.binary_enc.removeconstants.reg.scale.surv.aorsfnew_cv_1q.tuned","cv",3,8.27835951824635,0.174385949953787,0.661904394626617,0.661904394626617,3151.79000000001,0.182000000000698,"ORSF-cars-1q","ORSF-cars-1q"
"130","054afab8-5115-49a5-a356-cb36715f660f",17,"COST (N=518)","class.binary_enc.removeconstants.reg.scale.surv.aorsfnew_cv_2q.tuned","cv",1,19.0517363388473,0.164492648686755,0.686565041542053,0.686565041542053,3113.95,0.232000000003609,"ORSF-cars-2q","ORSF-cars-2q"
"131","054afab8-5115-49a5-a356-cb36715f660f",17,"COST (N=518)","class.binary_enc.removeconstants.reg.scale.surv.aorsfnew_cv_2q.tuned","cv",2,10.7337139226174,0.172816464715575,0.676663637161255,0.676663637161255,2998.78,0.221999999994296,"ORSF-cars-2q","ORSF-cars-2q"
"132","054afab8-5115-49a5-a356-cb36715f660f",17,"COST (N=518)","class.binary_enc.removeconstants.reg.scale.surv.aorsfnew_cv_2q.tuned","cv",3,2.62906967387305,0.169764263234697,0.672548055648804,0.672548055648804,3020.099,0.197000000000116,"ORSF-cars-2q","ORSF-cars-2q"
"133","467af535-4f82-4d24-b576-dd0e618716ce",18,"COST (N=518)","class.binary_enc.removeconstants.reg.scale.surv.aorsfnew_cv_3q.tuned","cv",1,13.8070733622838,0.164039527016815,0.685647785663605,0.685647785663605,3024.42600000001,0.232000000003609,"ORSF-cars-3q","ORSF-cars-3q"
"134","467af535-4f82-4d24-b576-dd0e618716ce",18,"COST (N=518)","class.binary_enc.removeconstants.reg.scale.surv.aorsfnew_cv_3q.tuned","cv",2,8.33463648978366,0.173386814431312,0.674546599388123,0.674546599388123,2899.603,0.179000000003725,"ORSF-cars-3q","ORSF-cars-3q"
"135","467af535-4f82-4d24-b576-dd0e618716ce",18,"COST (N=518)","class.binary_enc.removeconstants.reg.scale.surv.aorsfnew_cv_3q.tuned","cv",3,6.30828731266849,0.174003102475407,0.665547549724579,0.665547549724579,2888.23,0.179999999993015,"ORSF-cars-3q","ORSF-cars-3q"
"136","9e019ff1-5018-407f-acae-b236cd0288d8",2,"GRACE (N=1000)","class.binary_enc.removeconstants.reg.scale.class_semipar_coxph","cv",1,6.3633971119842,0.16915490459291,0.699912667274475,0.692124783992767,0.282,0.147,"coxph","coxph"
"137","9e019ff1-5018-407f-acae-b236cd0288d8",2,"GRACE (N=1000)","class.binary_enc.removeconstants.reg.scale.class_semipar_coxph","cv",2,3.24468074482437,0.167466602624876,0.709116101264954,0.704224407672882,0.287999999999998,0.135000000000002,"coxph","coxph"
"138","9e019ff1-5018-407f-acae-b236cd0288d8",2,"GRACE (N=1000)","class.binary_enc.removeconstants.reg.scale.class_semipar_coxph","cv",3,0.866783943077404,0.168292002237832,0.723288774490356,0.720163643360138,0.276999999999997,0.134,"coxph","coxph"
"139","0becae98-8467-4abd-9491-7618d4b7566b",5,"GRACE (N=1000)","class.binary_enc.removeconstants.reg.scale.class_semipar_penalized.tuned","cv",1,4.50680122819782,0.168375276231314,0.704544603824615,0.697268486022949,54.132,0.17999999999995,"Penalized Cox PH","Penalized Cox PH"
"140","0becae98-8467-4abd-9491-7618d4b7566b",5,"GRACE (N=1000)","class.binary_enc.removeconstants.reg.scale.class_semipar_penalized.tuned","cv",2,3.45474003578271,0.167695846508584,0.709039092063904,0.704512596130371,54.714,0.15300000000002,"Penalized Cox PH","Penalized Cox PH"
"141","0becae98-8467-4abd-9491-7618d4b7566b",5,"GRACE (N=1000)","class.binary_enc.removeconstants.reg.scale.class_semipar_penalized.tuned","cv",3,1.01925523945615,0.168485629995167,0.723251402378082,0.720321655273438,53.217,0.187999999999988,"Penalized Cox PH","Penalized Cox PH"
"142","3ca840c2-4e69-43ea-b7e2-1c684665ae79",6,"GRACE (N=1000)","class.binary_enc.removeconstants.reg.scale.ml_ranfor_rfsrc_brier.tuned","cv",1,11.5788814726141,0.167926708918545,0.700292348861694,0.689626574516296,131.176,0.220000000000027,"RSF","RSF"
"143","3ca840c2-4e69-43ea-b7e2-1c684665ae79",6,"GRACE (N=1000)","class.binary_enc.removeconstants.reg.scale.ml_ranfor_rfsrc_brier.tuned","cv",2,4.24879355680895,0.167478485713405,0.707884192466736,0.699440538883209,136.388,0.252000000000066,"RSF","RSF"
"144","3ca840c2-4e69-43ea-b7e2-1c684665ae79",6,"GRACE (N=1000)","class.binary_enc.removeconstants.reg.scale.ml_ranfor_rfsrc_brier.tuned","cv",3,18.4567097173566,0.167345687041944,0.739867508411407,0.736025512218475,145.673,0.219000000000051,"RSF","RSF"
"145","67f0fff1-2762-482b-bfab-5ed40f82df1b",7,"GRACE (N=1000)","class.binary_enc.removeconstants.reg.scale.ml_ranfor_aorsf_fast.tuned","cv",1,7.19003707185465,0.170467169322211,0.688294947147369,0.679445922374725,89.542,0.206000000000017,"ORSF-fast","ORSF-fast"
"146","67f0fff1-2762-482b-bfab-5ed40f82df1b",7,"GRACE (N=1000)","class.binary_enc.removeconstants.reg.scale.ml_ranfor_aorsf_fast.tuned","cv",2,1.06624154722394,0.16450139855811,0.708692610263824,0.703225910663605,92.0920000000001,0.215000000000146,"ORSF-fast","ORSF-fast"
"147","67f0fff1-2762-482b-bfab-5ed40f82df1b",7,"GRACE (N=1000)","class.binary_enc.removeconstants.reg.scale.ml_ranfor_aorsf_fast.tuned","cv",3,6.53853348038707,0.162977614040245,0.745406210422516,0.73870062828064,92.8009999999999,0.179000000000087,"ORSF-fast","ORSF-fast"
"148","2f969aa3-1e72-4d01-bd66-0a934e532b4b",8,"GRACE (N=1000)","class.binary_enc.removeconstants.reg.scale.ml_ranfor_aorsf_cph.tuned","cv",1,3.41417309638058,0.16925069710878,0.692736983299255,0.683385074138641,106.875,0.207000000000107,"ORSF-cph","ORSF-cph"
"149","2f969aa3-1e72-4d01-bd66-0a934e532b4b",8,"GRACE (N=1000)","class.binary_enc.removeconstants.reg.scale.ml_ranfor_aorsf_cph.tuned","cv",2,2.16146360621856,0.164317478676375,0.707191228866577,0.701444327831268,108.535,0.197999999999865,"ORSF-cph","ORSF-cph"
"150","2f969aa3-1e72-4d01-bd66-0a934e532b4b",8,"GRACE (N=1000)","class.binary_enc.removeconstants.reg.scale.ml_ranfor_aorsf_cph.tuned","cv",3,9.89759149796435,0.161958418756036,0.746266961097717,0.738824903964996,109.879,0.210999999999785,"ORSF-cph","ORSF-cph"
"151","6fee8bdf-74eb-4fac-a8e4-8bcdac07b688",9,"GRACE (N=1000)","class.binary_enc.removeconstants.reg.scale.ml_ranfor_aorsf_net.tuned","cv",1,2.84515863228952,0.169627243857268,0.688978314399719,0.680228888988495,1514.094,0.172000000000025,"ORSF-net","ORSF-net"
"152","6fee8bdf-74eb-4fac-a8e4-8bcdac07b688",9,"GRACE (N=1000)","class.binary_enc.removeconstants.reg.scale.ml_ranfor_aorsf_net.tuned","cv",2,1.66780326299355,0.166405320123866,0.707999706268311,0.701162993907928,1501.222,0.210999999999331,"ORSF-net","ORSF-net"
"153","6fee8bdf-74eb-4fac-a8e4-8bcdac07b688",9,"GRACE (N=1000)","class.binary_enc.removeconstants.reg.scale.ml_ranfor_aorsf_net.tuned","cv",3,11.4161137314365,0.16478513437775,0.745144248008728,0.739150643348694,1428.225,0.173999999999978,"ORSF-net","ORSF-net"
"154","80cb3e8b-740b-4d04-b7cc-9915aa93ad35",10,"GRACE (N=1000)","class.binary_enc.removeconstants.reg.scale.surv.aorsfnew_min.tuned","cv",1,7.33357806861858,0.166502264021034,0.702836096286774,0.695474445819855,15514.551,0.171999999998661,"ORSF-lasso-min","ORSF-lasso-min"
"155","80cb3e8b-740b-4d04-b7cc-9915aa93ad35",10,"GRACE (N=1000)","class.binary_enc.removeconstants.reg.scale.surv.aorsfnew_min.tuned","cv",2,2.24506032676225,0.165486691974243,0.711464405059814,0.706779778003693,16174.151,0.182999999997264,"ORSF-lasso-min","ORSF-lasso-min"
"156","80cb3e8b-740b-4d04-b7cc-9915aa93ad35",10,"GRACE (N=1000)","class.binary_enc.removeconstants.reg.scale.surv.aorsfnew_min.tuned","cv",3,9.18956941263631,0.16356278061815,0.745555937290192,0.739334404468536,16407.553,0.184999999997672,"ORSF-lasso-min","ORSF-lasso-min"
"157","034988b2-1a86-4165-9d4c-23fe443b20b7",11,"GRACE (N=1000)","class.binary_enc.removeconstants.reg.scale.surv.aorsfnew_se.tuned","cv",1,10.8657218875728,0.170479871648455,0.702456414699554,0.697936356067657,12555.434,0.590000000011059,"ORSF-lasso-net","ORSF-lasso-net"
"158","034988b2-1a86-4165-9d4c-23fe443b20b7",11,"GRACE (N=1000)","class.binary_enc.removeconstants.reg.scale.surv.aorsfnew_se.tuned","cv",2,4.60944945770097,0.177302168117028,0.683631062507629,0.684182822704315,11893.754,0.186000000001513,"ORSF-lasso-net","ORSF-lasso-net"
"159","034988b2-1a86-4165-9d4c-23fe443b20b7",11,"GRACE (N=1000)","class.binary_enc.removeconstants.reg.scale.surv.aorsfnew_se.tuned","cv",3,2.09062363870338,0.177116034469946,0.705662190914154,0.707584381103516,12579.143,0.164999999993597,"ORSF-lasso-net","ORSF-lasso-net"
"160","6f75efe2-bb82-4a79-b995-f23ced61b7af",12,"GRACE (N=1000)","class.binary_enc.removeconstants.reg.scale.surv.aorsfnew_mr_2q.tuned","cv",1,14.7067940459904,0.17565033801797,0.679904341697693,0.667409002780914,4695.26300000001,0.172000000005937,"ORSF-mrmr-2q","ORSF-mrmr-2q"
"161","6f75efe2-bb82-4a79-b995-f23ced61b7af",12,"GRACE (N=1000)","class.binary_enc.removeconstants.reg.scale.surv.aorsfnew_mr_2q.tuned","cv",2,3.27670292241308,0.173009385092982,0.696469843387604,0.685759484767914,4917.09,0.179999999993015,"ORSF-mrmr-2q","ORSF-mrmr-2q"
"162","6f75efe2-bb82-4a79-b995-f23ced61b7af",12,"GRACE (N=1000)","class.binary_enc.removeconstants.reg.scale.surv.aorsfnew_mr_2q.tuned","cv",3,13.2605351262563,0.163783105840878,0.75292843580246,0.742751359939575,4484.524,0.177000000010594,"ORSF-mrmr-2q","ORSF-mrmr-2q"
"163","13c537a8-e289-4d49-b586-61fc81d80e12",13,"GRACE (N=1000)","class.binary_enc.removeconstants.reg.scale.surv.aorsfnew_mr_1q.tuned","cv",1,4.49309341166012,0.169321431571473,0.695204854011536,0.683165431022644,4800.66800000001,0.194000000003143,"ORSF-mrmr-1q","ORSF-mrmr-1q"
"164","13c537a8-e289-4d49-b586-61fc81d80e12",13,"GRACE (N=1000)","class.binary_enc.removeconstants.reg.scale.surv.aorsfnew_mr_1q.tuned","cv",2,2.93729603824711,0.167760106238007,0.712965786457062,0.704301953315735,4563.417,0.186000000001513,"ORSF-mrmr-1q","ORSF-mrmr-1q"
"165","13c537a8-e289-4d49-b586-61fc81d80e12",13,"GRACE (N=1000)","class.binary_enc.removeconstants.reg.scale.surv.aorsfnew_mr_1q.tuned","cv",3,7.90440482687575,0.161124659086464,0.751655995845795,0.743128955364227,4847.06200000001,0.172000000005937,"ORSF-mrmr-1q","ORSF-mrmr-1q"
"166","e65383e9-306b-40a6-aaa4-e374510736ec",14,"GRACE (N=1000)","class.binary_enc.removeconstants.reg.scale.surv.aorsfnew_mr_3q.tuned","cv",1,10.2899823857532,0.177722218909266,0.667736053466797,0.653529703617096,4426.45300000001,0.184999999997672,"ORSF-mrmr-3q","ORSF-mrmr-3q"
"167","e65383e9-306b-40a6-aaa4-e374510736ec",14,"GRACE (N=1000)","class.binary_enc.removeconstants.reg.scale.surv.aorsfnew_mr_3q.tuned","cv",2,3.52401950685109,0.172810351370755,0.696277320384979,0.685299575328827,4410.357,0.180000000007567,"ORSF-mrmr-3q","ORSF-mrmr-3q"
"168","e65383e9-306b-40a6-aaa4-e374510736ec",14,"GRACE (N=1000)","class.binary_enc.removeconstants.reg.scale.surv.aorsfnew_mr_3q.tuned","cv",3,17.4198971660753,0.168598063365787,0.746285676956177,0.735449969768524,4132.21000000001,0.198000000003958,"ORSF-mrmr-3q","ORSF-mrmr-3q"
"169","c223a778-b30f-4189-bf4d-acc06a4349c9",15,"GRACE (N=1000)","class.binary_enc.removeconstants.reg.scale.surv.aorsfnew_cv_fndr.tuned","cv",1,1.62810029187251,0.169471605348153,0.688219010829926,0.678138494491577,7482.85000000001,0.176000000006752,"ORSF-cars-fndr","ORSF-cars-fndr"
"170","c223a778-b30f-4189-bf4d-acc06a4349c9",15,"GRACE (N=1000)","class.binary_enc.removeconstants.reg.scale.surv.aorsfnew_cv_fndr.tuned","cv",2,2.67649218720971,0.164593669095723,0.714698195457458,0.708195269107819,7624.397,0.184999999997672,"ORSF-cars-fndr","ORSF-cars-fndr"
"171","c223a778-b30f-4189-bf4d-acc06a4349c9",15,"GRACE (N=1000)","class.binary_enc.removeconstants.reg.scale.surv.aorsfnew_cv_fndr.tuned","cv",3,8.69595017776044,0.163759703498031,0.748811781406403,0.740862727165222,7362.57000000001,0.170000000012806,"ORSF-cars-fndr","ORSF-cars-fndr"
"172","0e93d09a-4fc2-490c-a4d7-4d308cd53cbf",16,"GRACE (N=1000)","class.binary_enc.removeconstants.reg.scale.surv.aorsfnew_cv_1q.tuned","cv",1,3.19893116858739,0.171416070227482,0.689965426921844,0.677833557128906,4877.56700000001,0.202999999979511,"ORSF-cars-1q","ORSF-cars-1q"
"173","0e93d09a-4fc2-490c-a4d7-4d308cd53cbf",16,"GRACE (N=1000)","class.binary_enc.removeconstants.reg.scale.surv.aorsfnew_cv_1q.tuned","cv",2,7.88893314373079,0.167798035479067,0.714967668056488,0.706253230571747,4549.307,0.176000000006752,"ORSF-cars-1q","ORSF-cars-1q"
"174","0e93d09a-4fc2-490c-a4d7-4d308cd53cbf",16,"GRACE (N=1000)","class.binary_enc.removeconstants.reg.scale.surv.aorsfnew_cv_1q.tuned","cv",3,11.3356538303887,0.163609159248504,0.756315231323242,0.748061776161194,4929.976,0.199999999982538,"ORSF-cars-1q","ORSF-cars-1q"
"175","fde6d3e6-e5bf-4fc6-9480-fb2fe5064f84",17,"GRACE (N=1000)","class.binary_enc.removeconstants.reg.scale.surv.aorsfnew_cv_2q.tuned","cv",1,3.45811537251167,0.171665946927403,0.688446760177612,0.676651537418365,4597.43299999999,0.209000000002561,"ORSF-cars-2q","ORSF-cars-2q"
"176","fde6d3e6-e5bf-4fc6-9480-fb2fe5064f84",17,"GRACE (N=1000)","class.binary_enc.removeconstants.reg.scale.surv.aorsfnew_cv_2q.tuned","cv",2,5.6005459414424,0.167011640711782,0.714890658855438,0.705841064453125,4492.902,0.191999999980908,"ORSF-cars-2q","ORSF-cars-2q"
"177","fde6d3e6-e5bf-4fc6-9480-fb2fe5064f84",17,"GRACE (N=1000)","class.binary_enc.removeconstants.reg.scale.surv.aorsfnew_cv_2q.tuned","cv",3,11.9039795401663,0.161919373686295,0.750495851039886,0.74222332239151,4960.87,0.189000000013039,"ORSF-cars-2q","ORSF-cars-2q"
"178","8ce5c31c-9900-4c49-ac38-d28a30f8398a",18,"GRACE (N=1000)","class.binary_enc.removeconstants.reg.scale.surv.aorsfnew_cv_3q.tuned","cv",1,7.24292805412756,0.17056784376233,0.690572917461395,0.679716289043427,4534.64099999997,0.182000000000698,"ORSF-cars-3q","ORSF-cars-3q"
"179","8ce5c31c-9900-4c49-ac38-d28a30f8398a",18,"GRACE (N=1000)","class.binary_enc.removeconstants.reg.scale.surv.aorsfnew_cv_3q.tuned","cv",2,8.63734123981974,0.165691446584818,0.717700958251953,0.708772242069244,4514.55499999999,0.175000000017462,"ORSF-cars-3q","ORSF-cars-3q"
"180","8ce5c31c-9900-4c49-ac38-d28a30f8398a",18,"GRACE (N=1000)","class.binary_enc.removeconstants.reg.scale.surv.aorsfnew_cv_3q.tuned","cv",3,13.0870817871774,0.164304430839934,0.75019645690918,0.742580056190491,4943.33900000001,0.186999999976251,"ORSF-cars-3q","ORSF-cars-3q"
"181","b43b74da-f54a-4dde-8be2-6d717b801559",2,"leukemia (N=1043)","class.binary_enc.removeconstants.reg.scale.class_semipar_coxph","cv",1,514.937136483894,0.169230994219233,0.653886437416077,0.657674074172974,0.327999999999999,0.155000000000001,"coxph","coxph"
"182","b43b74da-f54a-4dde-8be2-6d717b801559",2,"leukemia (N=1043)","class.binary_enc.removeconstants.reg.scale.class_semipar_coxph","cv",2,36.6224825524994,0.0966479166348698,0.669124364852905,0.665038645267487,0.312999999999999,0.148999999999997,"coxph","coxph"
"183","b43b74da-f54a-4dde-8be2-6d717b801559",2,"leukemia (N=1043)","class.binary_enc.removeconstants.reg.scale.class_semipar_coxph","cv",3,129.111240431038,0.0857095325104292,0.704914569854736,0.98323780298233,0.315000000000001,0.169,"coxph","coxph"
"184","308c23e3-d458-4d28-a5f1-b6a237795412",5,"leukemia (N=1043)","class.binary_enc.removeconstants.reg.scale.class_semipar_penalized.tuned","cv",1,527.424270137139,0.170718179521138,0.654200732707977,0.658096611499786,70.307,0.168999999999983,"Penalized Cox PH","Penalized Cox PH"
"185","308c23e3-d458-4d28-a5f1-b6a237795412",5,"leukemia (N=1043)","class.binary_enc.removeconstants.reg.scale.class_semipar_penalized.tuned","cv",2,23.8306543111035,0.095290437085767,0.667329490184784,0.663249731063843,66.132,0.200999999999965,"Penalized Cox PH","Penalized Cox PH"
"186","308c23e3-d458-4d28-a5f1-b6a237795412",5,"leukemia (N=1043)","class.binary_enc.removeconstants.reg.scale.class_semipar_penalized.tuned","cv",3,48.9199091637831,0.0850353712275548,0.70992648601532,0.983508586883545,68.131,0.190999999999974,"Penalized Cox PH","Penalized Cox PH"
"187","72191b8b-5230-41d8-a1e9-c82ac2d97040",6,"leukemia (N=1043)","class.binary_enc.removeconstants.reg.scale.ml_ranfor_rfsrc_brier.tuned","cv",1,26.3329596921118,0.179090813265722,0.645453572273254,0.651934146881104,296.866,0.427000000000021,"RSF","RSF"
"188","72191b8b-5230-41d8-a1e9-c82ac2d97040",6,"leukemia (N=1043)","class.binary_enc.removeconstants.reg.scale.ml_ranfor_rfsrc_brier.tuned","cv",2,8.38486961808226,0.0924488359517047,0.661522507667542,0.657868087291718,305.184,0.357999999999947,"RSF","RSF"
"189","72191b8b-5230-41d8-a1e9-c82ac2d97040",6,"leukemia (N=1043)","class.binary_enc.removeconstants.reg.scale.ml_ranfor_rfsrc_brier.tuned","cv",3,9.62687721144538,0.0880285169555654,0.689506769180298,0.982383728027344,303.871,0.405999999999949,"RSF","RSF"
"190","b37f32a3-b4a7-4c66-97b4-d291ee5fa768",7,"leukemia (N=1043)","class.binary_enc.removeconstants.reg.scale.ml_ranfor_aorsf_fast.tuned","cv",1,55.1948099691379,0.174542046591048,0.650865972042084,0.654226124286652,141.452,0.326000000000022,"ORSF-fast","ORSF-fast"
"191","b37f32a3-b4a7-4c66-97b4-d291ee5fa768",7,"leukemia (N=1043)","class.binary_enc.removeconstants.reg.scale.ml_ranfor_aorsf_fast.tuned","cv",2,19.6827511595081,0.0912742823991688,0.668050944805145,0.664237439632416,134.131,0.209999999999809,"ORSF-fast","ORSF-fast"
"192","b37f32a3-b4a7-4c66-97b4-d291ee5fa768",7,"leukemia (N=1043)","class.binary_enc.removeconstants.reg.scale.ml_ranfor_aorsf_fast.tuned","cv",3,13.641222728672,0.0903683374137489,0.701602756977081,0.983342826366425,146.685,0.230000000000018,"ORSF-fast","ORSF-fast"
"193","9e6a6e71-de95-4ded-a103-3bfb6e9c907b",8,"leukemia (N=1043)","class.binary_enc.removeconstants.reg.scale.ml_ranfor_aorsf_cph.tuned","cv",1,30.5033295296452,0.17331769428662,0.647321760654449,0.651053071022034,178.584,0.325000000000273,"ORSF-cph","ORSF-cph"
"194","9e6a6e71-de95-4ded-a103-3bfb6e9c907b",8,"leukemia (N=1043)","class.binary_enc.removeconstants.reg.scale.ml_ranfor_aorsf_cph.tuned","cv",2,33.2991654111447,0.0935056669157145,0.665358603000641,0.661966979503632,178.188,0.346000000000004,"ORSF-cph","ORSF-cph"
"195","9e6a6e71-de95-4ded-a103-3bfb6e9c907b",8,"leukemia (N=1043)","class.binary_enc.removeconstants.reg.scale.ml_ranfor_aorsf_cph.tuned","cv",3,11.8281039999638,0.0899580189404775,0.702346563339233,0.983392179012299,177,0.234000000000378,"ORSF-cph","ORSF-cph"
"196","364e6408-e8bd-4e1b-9efc-156f111f18e1",9,"leukemia (N=1043)","class.binary_enc.removeconstants.reg.scale.ml_ranfor_aorsf_net.tuned","cv",1,40.8410186585364,0.174282540501504,0.64410924911499,0.646801710128784,1858.198,0.221000000000458,"ORSF-net","ORSF-net"
"197","364e6408-e8bd-4e1b-9efc-156f111f18e1",9,"leukemia (N=1043)","class.binary_enc.removeconstants.reg.scale.ml_ranfor_aorsf_net.tuned","cv",2,13.6933718175608,0.091786553922916,0.671236038208008,0.667359590530396,1870.696,0.231999999999971,"ORSF-net","ORSF-net"
"198","364e6408-e8bd-4e1b-9efc-156f111f18e1",9,"leukemia (N=1043)","class.binary_enc.removeconstants.reg.scale.ml_ranfor_aorsf_net.tuned","cv",3,13.4254526897743,0.0903825995370389,0.698769152164459,0.983186602592468,1816.098,0.27599999999984,"ORSF-net","ORSF-net"
"199","035b4dcc-3875-499a-99c6-fec7af926646",10,"leukemia (N=1043)","class.binary_enc.removeconstants.reg.scale.surv.aorsfnew_min.tuned","cv",1,13.3788232680023,0.174227804989951,0.649085104465485,0.653829991817474,19606.351,0.185999999997875,"ORSF-lasso-min","ORSF-lasso-min"
"200","035b4dcc-3875-499a-99c6-fec7af926646",10,"leukemia (N=1043)","class.binary_enc.removeconstants.reg.scale.surv.aorsfnew_min.tuned","cv",2,29.5295762309843,0.0944124025282392,0.664848327636719,0.661224901676178,20214.939,0.197999999996682,"ORSF-lasso-min","ORSF-lasso-min"
"201","035b4dcc-3875-499a-99c6-fec7af926646",10,"leukemia (N=1043)","class.binary_enc.removeconstants.reg.scale.surv.aorsfnew_min.tuned","cv",3,11.9705597726105,0.0891889434522568,0.704737424850464,0.983516097068787,16618.98,0.187999999994645,"ORSF-lasso-min","ORSF-lasso-min"
"202","69db1519-542f-45bd-9544-59c2efc29494",11,"leukemia (N=1043)","class.binary_enc.removeconstants.reg.scale.surv.aorsfnew_se.tuned","cv",1,14.8956533029786,0.172424074331594,0.641376852989197,0.645851194858551,14280.372,0.187000000005355,"ORSF-lasso-net","ORSF-lasso-net"
"203","69db1519-542f-45bd-9544-59c2efc29494",11,"leukemia (N=1043)","class.binary_enc.removeconstants.reg.scale.surv.aorsfnew_se.tuned","cv",2,8.67766976673178,0.0936397102032429,0.674359500408173,0.670400202274323,13695.783,0.182000000000698,"ORSF-lasso-net","ORSF-lasso-net"
"204","69db1519-542f-45bd-9544-59c2efc29494",11,"leukemia (N=1043)","class.binary_enc.removeconstants.reg.scale.surv.aorsfnew_se.tuned","cv",3,14.7351134292309,0.0912875729997078,0.694943785667419,0.982992708683014,11509.14,0.179999999993015,"ORSF-lasso-net","ORSF-lasso-net"
"205","1dff8ec5-c766-4b15-9aac-6dfea946e36f",12,"leukemia (N=1043)","class.binary_enc.removeconstants.reg.scale.surv.aorsfnew_mr_2q.tuned","cv",1,18.2889563999221,0.173287363198796,0.645383775234222,0.649310052394867,4653.837,0.234000000011292,"ORSF-mrmr-2q","ORSF-mrmr-2q"
"206","1dff8ec5-c766-4b15-9aac-6dfea946e36f",12,"leukemia (N=1043)","class.binary_enc.removeconstants.reg.scale.surv.aorsfnew_mr_2q.tuned","cv",2,9.11478021241701,0.0918274433831132,0.672854959964752,0.668874561786652,4340.31299999999,0.235000000000582,"ORSF-mrmr-2q","ORSF-mrmr-2q"
"207","1dff8ec5-c766-4b15-9aac-6dfea946e36f",12,"leukemia (N=1043)","class.binary_enc.removeconstants.reg.scale.surv.aorsfnew_mr_2q.tuned","cv",3,22.5115440020037,0.0915504851321506,0.696466863155365,0.982748687267303,4427.60799999999,0.218999999997322,"ORSF-mrmr-2q","ORSF-mrmr-2q"
"208","9165fb28-9481-48b3-9e0f-69a1e952348d",13,"leukemia (N=1043)","class.binary_enc.removeconstants.reg.scale.surv.aorsfnew_mr_1q.tuned","cv",1,19.9815545386836,0.17343402226079,0.647653460502625,0.650205135345459,6113.01000000001,0.206999999994878,"ORSF-mrmr-1q","ORSF-mrmr-1q"
"209","9165fb28-9481-48b3-9e0f-69a1e952348d",13,"leukemia (N=1043)","class.binary_enc.removeconstants.reg.scale.surv.aorsfnew_mr_1q.tuned","cv",2,12.5149818895308,0.0921601506962106,0.672168672084808,0.668094217777252,5728.35800000001,0.190000000002328,"ORSF-mrmr-1q","ORSF-mrmr-1q"
"210","9165fb28-9481-48b3-9e0f-69a1e952348d",13,"leukemia (N=1043)","class.binary_enc.removeconstants.reg.scale.surv.aorsfnew_mr_1q.tuned","cv",3,9.30096198795464,0.0901775132545223,0.702222645282745,0.983054518699646,6247.93700000001,0.22799999997369,"ORSF-mrmr-1q","ORSF-mrmr-1q"
"211","6f36c940-d332-4f11-ae9a-e9b0ea54bd2f",14,"leukemia (N=1043)","class.binary_enc.removeconstants.reg.scale.surv.aorsfnew_mr_3q.tuned","cv",1,9.38998442952834,0.187809216597851,0.646344006061554,0.650104582309723,2112.60500000001,0.179999999993015,"ORSF-mrmr-3q","ORSF-mrmr-3q"
"212","6f36c940-d332-4f11-ae9a-e9b0ea54bd2f",14,"leukemia (N=1043)","class.binary_enc.removeconstants.reg.scale.surv.aorsfnew_mr_3q.tuned","cv",2,11.6878105353799,0.0969974973934981,0.669872224330902,0.666102468967438,1992.90299999999,0.182000000000698,"ORSF-mrmr-3q","ORSF-mrmr-3q"
"213","6f36c940-d332-4f11-ae9a-e9b0ea54bd2f",14,"leukemia (N=1043)","class.binary_enc.removeconstants.reg.scale.surv.aorsfnew_mr_3q.tuned","cv",3,5.42211855240176,0.0973602251516755,0.687895178794861,0.982277035713196,1785.033,0.173999999999069,"ORSF-mrmr-3q","ORSF-mrmr-3q"
"214","afb36485-10c1-4d36-a0d4-fce67e9b6a81",15,"leukemia (N=1043)","class.binary_enc.removeconstants.reg.scale.surv.aorsfnew_cv_fndr.tuned","cv",1,16.8525160116088,0.17200715560097,0.650551736354828,0.653905689716339,9756.95999999999,0.221000000019558,"ORSF-cars-fndr","ORSF-cars-fndr"
"215","afb36485-10c1-4d36-a0d4-fce67e9b6a81",15,"leukemia (N=1043)","class.binary_enc.removeconstants.reg.scale.surv.aorsfnew_cv_fndr.tuned","cv",2,17.3140037573187,0.092405009038093,0.667892575263977,0.664648413658142,10082.751,0.209999999991851,"ORSF-cars-fndr","ORSF-cars-fndr"
"216","afb36485-10c1-4d36-a0d4-fce67e9b6a81",15,"leukemia (N=1043)","class.binary_enc.removeconstants.reg.scale.surv.aorsfnew_cv_fndr.tuned","cv",3,8.56948654936658,0.089231125975513,0.70436555147171,0.983507335186005,9394.25899999999,0.236000000004424,"ORSF-cars-fndr","ORSF-cars-fndr"
"217","9739fa58-dfa9-4a03-94b0-aad60e8062b7",16,"leukemia (N=1043)","class.binary_enc.removeconstants.reg.scale.surv.aorsfnew_cv_1q.tuned","cv",1,21.6708046705344,0.1732420140694,0.651599287986755,0.655928611755371,5674.946,0.187000000005355,"ORSF-cars-1q","ORSF-cars-1q"
"218","9739fa58-dfa9-4a03-94b0-aad60e8062b7",16,"leukemia (N=1043)","class.binary_enc.removeconstants.reg.scale.surv.aorsfnew_cv_1q.tuned","cv",2,10.5862410698376,0.0929097073227829,0.668649256229401,0.664938688278198,5776.98999999999,0.26500000001397,"ORSF-cars-1q","ORSF-cars-1q"
"219","9739fa58-dfa9-4a03-94b0-aad60e8062b7",16,"leukemia (N=1043)","class.binary_enc.removeconstants.reg.scale.surv.aorsfnew_cv_1q.tuned","cv",3,20.1573443469953,0.0905805732497388,0.701762139797211,0.983352303504944,5915.565,0.178000000014435,"ORSF-cars-1q","ORSF-cars-1q"
"220","219dc508-bda1-4c9c-8539-98fec92e6f7b",17,"leukemia (N=1043)","class.binary_enc.removeconstants.reg.scale.surv.aorsfnew_cv_2q.tuned","cv",1,14.2642899881218,0.175265050087829,0.651599287986755,0.654817819595337,6293.70000000001,0.207999999984168,"ORSF-cars-2q","ORSF-cars-2q"
"221","219dc508-bda1-4c9c-8539-98fec92e6f7b",17,"leukemia (N=1043)","class.binary_enc.removeconstants.reg.scale.surv.aorsfnew_cv_2q.tuned","cv",2,15.9936147995764,0.0927046329126093,0.668913185596466,0.665311634540558,5815.652,0.185999999986961,"ORSF-cars-2q","ORSF-cars-2q"
"222","219dc508-bda1-4c9c-8539-98fec92e6f7b",17,"leukemia (N=1043)","class.binary_enc.removeconstants.reg.scale.surv.aorsfnew_cv_2q.tuned","cv",3,14.7808532636336,0.0903391265959167,0.703426897525787,0.983443439006805,5771.91499999998,0.222000000008848,"ORSF-cars-2q","ORSF-cars-2q"
"223","b32d1fe0-77f0-4b06-9d30-97eac06c970d",18,"leukemia (N=1043)","class.binary_enc.removeconstants.reg.scale.surv.aorsfnew_cv_3q.tuned","cv",1,31.1193134645647,0.171742773942237,0.648561358451843,0.652291178703308,5527.84,0.192000000010012,"ORSF-cars-3q","ORSF-cars-3q"
"224","b32d1fe0-77f0-4b06-9d30-97eac06c970d",18,"leukemia (N=1043)","class.binary_enc.removeconstants.reg.scale.surv.aorsfnew_cv_3q.tuned","cv",2,19.5122959862841,0.0930632266086721,0.669511497020721,0.665997385978699,5928.39800000002,0.247000000003027,"ORSF-cars-3q","ORSF-cars-3q"
"225","b32d1fe0-77f0-4b06-9d30-97eac06c970d",18,"leukemia (N=1043)","class.binary_enc.removeconstants.reg.scale.surv.aorsfnew_cv_3q.tuned","cv",3,13.1344234239096,0.0897576187448698,0.704595744609833,0.983517408370972,6114.47400000002,0.214000000007218,"ORSF-cars-3q","ORSF-cars-3q"
"226","03e3a7f2-7415-4811-aef2-b89459ac06ef",2,"prostate (N=502)","class.binary_enc.removeconstants.reg.scale.class_semipar_coxph","cv",1,1422.51586280411,0.184443780364698,0.645239233970642,0.628086149692535,0.652999999999999,0.260000000000002,"coxph","coxph"
"227","03e3a7f2-7415-4811-aef2-b89459ac06ef",2,"prostate (N=502)","class.binary_enc.removeconstants.reg.scale.class_semipar_coxph","cv",2,4.34917361605837,0.193664727577534,0.617642283439636,0.612332582473755,0.677,0.271000000000001,"coxph","coxph"
"228","03e3a7f2-7415-4811-aef2-b89459ac06ef",2,"prostate (N=502)","class.binary_enc.removeconstants.reg.scale.class_semipar_coxph","cv",3,28.8896688541446,0.190085716008646,0.604058861732483,0.607024967670441,0.674000000000003,0.259,"coxph","coxph"
"229","f134c4db-894f-4f7f-9e1b-35e4252a787e",5,"prostate (N=502)","class.binary_enc.removeconstants.reg.scale.class_semipar_penalized.tuned","cv",1,68.5178972028849,0.184282370897526,0.644192039966583,0.627282321453094,107.813,0.283000000000015,"Penalized Cox PH","Penalized Cox PH"
"230","f134c4db-894f-4f7f-9e1b-35e4252a787e",5,"prostate (N=502)","class.binary_enc.removeconstants.reg.scale.class_semipar_penalized.tuned","cv",2,6.6509356695411,0.189817045583183,0.620243906974792,0.610305666923523,109.368,0.294999999999959,"Penalized Cox PH","Penalized Cox PH"
"231","f134c4db-894f-4f7f-9e1b-35e4252a787e",5,"prostate (N=502)","class.binary_enc.removeconstants.reg.scale.class_semipar_penalized.tuned","cv",3,9.9218801638823,0.189417867844219,0.605756819248199,0.605079054832458,107.207,0.333999999999946,"Penalized Cox PH","Penalized Cox PH"
"232","862fbda1-629f-478f-8132-3fa1c6d0b69a",6,"prostate (N=502)","class.binary_enc.removeconstants.reg.scale.ml_ranfor_rfsrc_brier.tuned","cv",1,11.5201280252492,0.191430083567636,0.625181257724762,0.612618148326874,151.196,0.302000000000021,"RSF","RSF"
"233","862fbda1-629f-478f-8132-3fa1c6d0b69a",6,"prostate (N=502)","class.binary_enc.removeconstants.reg.scale.ml_ranfor_rfsrc_brier.tuned","cv",2,16.5912836162329,0.190136271004338,0.658374011516571,0.652697384357452,146.626,0.31899999999996,"RSF","RSF"
"234","862fbda1-629f-478f-8132-3fa1c6d0b69a",6,"prostate (N=502)","class.binary_enc.removeconstants.reg.scale.ml_ranfor_rfsrc_brier.tuned","cv",3,5.27368240569058,0.19464254141611,0.610042035579681,0.60361236333847,155.465,0.347999999999956,"RSF","RSF"
"235","e36763c5-e24b-42cf-86d3-2163c4749a06",7,"prostate (N=502)","class.binary_enc.removeconstants.reg.scale.ml_ranfor_aorsf_fast.tuned","cv",1,1.69221783070623,0.186962537383948,0.639117121696472,0.622395694255829,138.627,0.355000000000018,"ORSF-fast","ORSF-fast"
"236","e36763c5-e24b-42cf-86d3-2163c4749a06",7,"prostate (N=502)","class.binary_enc.removeconstants.reg.scale.ml_ranfor_aorsf_fast.tuned","cv",2,13.681620331021,0.18517007739077,0.64861786365509,0.645184695720673,142.374,0.299999999999955,"ORSF-fast","ORSF-fast"
"237","e36763c5-e24b-42cf-86d3-2163c4749a06",7,"prostate (N=502)","class.binary_enc.removeconstants.reg.scale.ml_ranfor_aorsf_fast.tuned","cv",3,12.0189569618792,0.189885407974217,0.609880328178406,0.604959666728973,137.894,0.345000000000027,"ORSF-fast","ORSF-fast"
"238","c8821e18-a9eb-403a-a33b-496fc08057e8",8,"prostate (N=502)","class.binary_enc.removeconstants.reg.scale.ml_ranfor_aorsf_cph.tuned","cv",1,1.89240347978602,0.186047237242183,0.637264370918274,0.619861721992493,150.611,0.275000000000091,"ORSF-cph","ORSF-cph"
"239","c8821e18-a9eb-403a-a33b-496fc08057e8",8,"prostate (N=502)","class.binary_enc.removeconstants.reg.scale.ml_ranfor_aorsf_cph.tuned","cv",2,16.0352494134663,0.184880710201921,0.65487802028656,0.646334588527679,155.41,0.315999999999804,"ORSF-cph","ORSF-cph"
"240","c8821e18-a9eb-403a-a33b-496fc08057e8",8,"prostate (N=502)","class.binary_enc.removeconstants.reg.scale.ml_ranfor_aorsf_cph.tuned","cv",3,10.227411872478,0.189964360367203,0.610122919082642,0.609841585159302,155.857,0.310999999999694,"ORSF-cph","ORSF-cph"
"241","aabe5b07-be65-4b0d-b5b8-3543f2b998e7",9,"prostate (N=502)","class.binary_enc.removeconstants.reg.scale.ml_ranfor_aorsf_net.tuned","cv",1,3.43222058015602,0.187669138648985,0.630175590515137,0.615377366542816,924.999,0.266999999999825,"ORSF-net","ORSF-net"
"242","aabe5b07-be65-4b0d-b5b8-3543f2b998e7",9,"prostate (N=502)","class.binary_enc.removeconstants.reg.scale.ml_ranfor_aorsf_net.tuned","cv",2,14.9713803841955,0.184378108524418,0.644471526145935,0.642082095146179,970.381,0.320999999999913,"ORSF-net","ORSF-net"
"243","aabe5b07-be65-4b0d-b5b8-3543f2b998e7",9,"prostate (N=502)","class.binary_enc.removeconstants.reg.scale.ml_ranfor_aorsf_net.tuned","cv",3,14.8126057772629,0.189370961556453,0.612871944904327,0.60674512386322,911.461,0.273000000000138,"ORSF-net","ORSF-net"
"244","fa431152-8f17-4fe4-93b5-b6a725c531b0",10,"prostate (N=502)","class.binary_enc.removeconstants.reg.scale.surv.aorsfnew_min.tuned","cv",1,0.724573143396865,0.188071445314262,0.637908816337585,0.622521817684174,9311.07,0.371000000001004,"ORSF-lasso-min","ORSF-lasso-min"
"245","fa431152-8f17-4fe4-93b5-b6a725c531b0",10,"prostate (N=502)","class.binary_enc.removeconstants.reg.scale.surv.aorsfnew_min.tuned","cv",2,15.2853775481992,0.18544981638542,0.645853638648987,0.64433765411377,9646.9,0.294999999998254,"ORSF-lasso-min","ORSF-lasso-min"
"246","fa431152-8f17-4fe4-93b5-b6a725c531b0",10,"prostate (N=502)","class.binary_enc.removeconstants.reg.scale.surv.aorsfnew_min.tuned","cv",3,19.691456532446,0.191719267277536,0.608667552471161,0.603354275226593,10035.841,0.328000000001339,"ORSF-lasso-min","ORSF-lasso-min"
"247","494055e8-e236-4475-a02e-a82968b3de93",11,"prostate (N=502)","class.binary_enc.removeconstants.reg.scale.surv.aorsfnew_se.tuned","cv",1,11.8176348295889,0.201174513757768,0.617125809192657,0.602641105651855,5311.69,0.325000000004366,"ORSF-lasso-net","ORSF-lasso-net"
"248","494055e8-e236-4475-a02e-a82968b3de93",11,"prostate (N=502)","class.binary_enc.removeconstants.reg.scale.surv.aorsfnew_se.tuned","cv",2,33.0121174410152,0.201989630033759,0.599308967590332,0.602196276187897,5198.634,0.326999999997497,"ORSF-lasso-net","ORSF-lasso-net"
"249","494055e8-e236-4475-a02e-a82968b3de93",11,"prostate (N=502)","class.binary_enc.removeconstants.reg.scale.surv.aorsfnew_se.tuned","cv",3,12.1504316652452,0.203230426636445,0.601309835910797,0.600012600421906,5882.336,0.338000000003376,"ORSF-lasso-net","ORSF-lasso-net"
"250","2d0dc74c-7a5d-4ff2-bb4a-c677b8db6d1e",12,"prostate (N=502)","class.binary_enc.removeconstants.reg.scale.surv.aorsfnew_mr_2q.tuned","cv",1,13.990521414601,0.201324848136398,0.594328999519348,0.589295327663422,2096.39799999999,0.360999999997148,"ORSF-mrmr-2q","ORSF-mrmr-2q"
"251","2d0dc74c-7a5d-4ff2-bb4a-c677b8db6d1e",12,"prostate (N=502)","class.binary_enc.removeconstants.reg.scale.surv.aorsfnew_mr_2q.tuned","cv",2,18.8895799501163,0.197011367301577,0.620650410652161,0.619755387306213,1907.96,0.328999999997905,"ORSF-mrmr-2q","ORSF-mrmr-2q"
"252","2d0dc74c-7a5d-4ff2-bb4a-c677b8db6d1e",12,"prostate (N=502)","class.binary_enc.removeconstants.reg.scale.surv.aorsfnew_mr_2q.tuned","cv",3,10.0406559478223,0.197019492631196,0.602280080318451,0.60164487361908,2132.64999999999,0.327000000004773,"ORSF-mrmr-2q","ORSF-mrmr-2q"
"253","b33df712-dd8d-4c7c-8600-f4c9e38986ed",13,"prostate (N=502)","class.binary_enc.removeconstants.reg.scale.surv.aorsfnew_mr_1q.tuned","cv",1,3.28008025188929,0.191951368372838,0.623892366886139,0.609614551067352,2612.931,0.336999999999534,"ORSF-mrmr-1q","ORSF-mrmr-1q"
"254","b33df712-dd8d-4c7c-8600-f4c9e38986ed",13,"prostate (N=502)","class.binary_enc.removeconstants.reg.scale.surv.aorsfnew_mr_1q.tuned","cv",2,19.0544083700238,0.193176310978016,0.639756083488464,0.635038912296295,2485.556,0.338000000003376,"ORSF-mrmr-1q","ORSF-mrmr-1q"
"255","b33df712-dd8d-4c7c-8600-f4c9e38986ed",13,"prostate (N=502)","class.binary_enc.removeconstants.reg.scale.surv.aorsfnew_mr_1q.tuned","cv",3,6.45829859549141,0.194040931736738,0.60721218585968,0.603879749774933,2695.48699999999,0.332999999998719,"ORSF-mrmr-1q","ORSF-mrmr-1q"
"256","2d8fd429-e746-4dff-b2e6-9ab082de9af0",14,"prostate (N=502)","class.binary_enc.removeconstants.reg.scale.surv.aorsfnew_mr_3q.tuned","cv",1,10.870734147077,0.199195857781694,0.589495718479156,0.583027839660645,1383.329,0.290999999997439,"ORSF-mrmr-3q","ORSF-mrmr-3q"
"257","2d8fd429-e746-4dff-b2e6-9ab082de9af0",14,"prostate (N=502)","class.binary_enc.removeconstants.reg.scale.surv.aorsfnew_mr_3q.tuned","cv",2,29.527435011601,0.20087104200808,0.598048806190491,0.601517498493195,1387.17700000001,0.326000000000931,"ORSF-mrmr-3q","ORSF-mrmr-3q"
"258","2d8fd429-e746-4dff-b2e6-9ab082de9af0",14,"prostate (N=502)","class.binary_enc.removeconstants.reg.scale.surv.aorsfnew_mr_3q.tuned","cv",3,7.95949529097289,0.202286474054229,0.598965048789978,0.597826421260834,1498.439,0.341999999989639,"ORSF-mrmr-3q","ORSF-mrmr-3q"
"259","4e75bade-cd18-4192-91b4-8a59728b86be",15,"prostate (N=502)","class.binary_enc.removeconstants.reg.scale.surv.aorsfnew_cv_fndr.tuned","cv",1,1.66190536184511,0.187084213847958,0.63508939743042,0.620869517326355,4860.66600000001,0.334000000002561,"ORSF-cars-fndr","ORSF-cars-fndr"
"260","4e75bade-cd18-4192-91b4-8a59728b86be",15,"prostate (N=502)","class.binary_enc.removeconstants.reg.scale.surv.aorsfnew_cv_fndr.tuned","cv",2,14.8303188197528,0.185942808360078,0.64682924747467,0.642466187477112,4589.21800000001,0.292000000001281,"ORSF-cars-fndr","ORSF-cars-fndr"
"261","4e75bade-cd18-4192-91b4-8a59728b86be",15,"prostate (N=502)","class.binary_enc.removeconstants.reg.scale.surv.aorsfnew_cv_fndr.tuned","cv",3,12.3847571713609,0.19007317955924,0.610284626483917,0.607623159885406,4815.79699999999,0.340000000011059,"ORSF-cars-fndr","ORSF-cars-fndr"
"262","165625ff-3b0c-4953-89d1-c8c8772863a3",16,"prostate (N=502)","class.binary_enc.removeconstants.reg.scale.surv.aorsfnew_cv_1q.tuned","cv",1,3.24051979211821,0.187197729528721,0.64096987247467,0.62600040435791,3109.73699999999,0.29299999999057,"ORSF-cars-1q","ORSF-cars-1q"
"263","165625ff-3b0c-4953-89d1-c8c8772863a3",16,"prostate (N=502)","class.binary_enc.removeconstants.reg.scale.surv.aorsfnew_cv_1q.tuned","cv",2,15.8775018987308,0.187590745931206,0.656097531318665,0.65041321516037,2694.113,0.30000000000291,"ORSF-cars-1q","ORSF-cars-1q"
"264","165625ff-3b0c-4953-89d1-c8c8772863a3",16,"prostate (N=502)","class.binary_enc.removeconstants.reg.scale.surv.aorsfnew_cv_1q.tuned","cv",3,17.9518269373132,0.192356156529115,0.605514228343964,0.598891794681549,3019.091,0.306000000011409,"ORSF-cars-1q","ORSF-cars-1q"
"265","4022ce5c-ae1f-40ec-ac92-53ee8f0d431c",17,"prostate (N=502)","class.binary_enc.removeconstants.reg.scale.surv.aorsfnew_cv_2q.tuned","cv",1,4.43891178431343,0.189374863277025,0.63508939743042,0.620325446128845,2828.008,0.287999999985914,"ORSF-cars-2q","ORSF-cars-2q"
"266","4022ce5c-ae1f-40ec-ac92-53ee8f0d431c",17,"prostate (N=502)","class.binary_enc.removeconstants.reg.scale.surv.aorsfnew_cv_2q.tuned","cv",2,17.8114737274901,0.186832734664101,0.654634118080139,0.651294529438019,2813.399,0.289999999993597,"ORSF-cars-2q","ORSF-cars-2q"
"267","4022ce5c-ae1f-40ec-ac92-53ee8f0d431c",17,"prostate (N=502)","class.binary_enc.removeconstants.reg.scale.surv.aorsfnew_cv_2q.tuned","cv",3,18.5447515182711,0.191400409525422,0.608667552471161,0.603375673294067,2960.755,0.342000000004191,"ORSF-cars-2q","ORSF-cars-2q"
"268","28d4c1bd-6953-4f0d-b62b-0609f0519b3e",18,"prostate (N=502)","class.binary_enc.removeconstants.reg.scale.surv.aorsfnew_cv_3q.tuned","cv",1,1.78665305918413,0.184164444248237,0.643225371837616,0.625002861022949,2711.94200000001,0.297999999995227,"ORSF-cars-3q","ORSF-cars-3q"
"269","28d4c1bd-6953-4f0d-b62b-0609f0519b3e",18,"prostate (N=502)","class.binary_enc.removeconstants.reg.scale.surv.aorsfnew_cv_3q.tuned","cv",2,20.6929934448884,0.18712314227989,0.647235751152039,0.642451405525208,2749.458,0.353000000002794,"ORSF-cars-3q","ORSF-cars-3q"
"270","28d4c1bd-6953-4f0d-b62b-0609f0519b3e",18,"prostate (N=502)","class.binary_enc.removeconstants.reg.scale.surv.aorsfnew_cv_3q.tuned","cv",3,8.24899244679783,0.189509131863926,0.610527157783508,0.608375012874603,2653.41100000001,0.302999999999884,"ORSF-cars-3q","ORSF-cars-3q"
"271","da7298f2-9139-407a-bb27-a057fa2468ea",2,"rotterdam (N=2982)","class.binary_enc.removeconstants.reg.scale.class_semipar_coxph","cv",1,5.2949082889865,0.181861336286828,0.668990850448608,0.634393453598022,0.555,0.369,"coxph","coxph"
"272","da7298f2-9139-407a-bb27-a057fa2468ea",2,"rotterdam (N=2982)","class.binary_enc.removeconstants.reg.scale.class_semipar_coxph","cv",2,70.6643199690441,0.207062226582927,0.688890278339386,0.66268116235733,0.895,0.326000000000001,"coxph","coxph"
"273","da7298f2-9139-407a-bb27-a057fa2468ea",2,"rotterdam (N=2982)","class.binary_enc.removeconstants.reg.scale.class_semipar_coxph","cv",3,13.0595870687773,0.19552718791453,0.669715046882629,0.6489537358284,0.472000000000001,0.294,"coxph","coxph"
"274","ac53d0e8-bccf-4bae-91ac-ebef1af5cb01",5,"rotterdam (N=2982)","class.binary_enc.removeconstants.reg.scale.class_semipar_penalized.tuned","cv",1,3.45573031412498,0.181754721989884,0.670497298240662,0.635907590389252,119.836,0.269000000000005,"Penalized Cox PH","Penalized Cox PH"
"275","ac53d0e8-bccf-4bae-91ac-ebef1af5cb01",5,"rotterdam (N=2982)","class.binary_enc.removeconstants.reg.scale.class_semipar_penalized.tuned","cv",2,55.2663084613379,0.206348339086251,0.689175605773926,0.663782894611359,103.562,0.346000000000004,"Penalized Cox PH","Penalized Cox PH"
"276","ac53d0e8-bccf-4bae-91ac-ebef1af5cb01",5,"rotterdam (N=2982)","class.binary_enc.removeconstants.reg.scale.class_semipar_penalized.tuned","cv",3,7.41130383482257,0.195235081045101,0.674379706382751,0.655705630779266,108.415,0.269999999999982,"Penalized Cox PH","Penalized Cox PH"
"277","96ab204b-6bbe-46d1-a802-8137941478ea",6,"rotterdam (N=2982)","class.binary_enc.removeconstants.reg.scale.ml_ranfor_rfsrc_brier.tuned","cv",1,8.87048531652906,0.178361322259167,0.676843583583832,0.63463306427002,1648.448,3.07999999999993,"RSF","RSF"
"278","96ab204b-6bbe-46d1-a802-8137941478ea",6,"rotterdam (N=2982)","class.binary_enc.removeconstants.reg.scale.ml_ranfor_rfsrc_brier.tuned","cv",2,4.406647775553,0.204895774192459,0.685364842414856,0.657461404800415,1698.438,3.71300000000019,"RSF","RSF"
"279","96ab204b-6bbe-46d1-a802-8137941478ea",6,"rotterdam (N=2982)","class.binary_enc.removeconstants.reg.scale.ml_ranfor_rfsrc_brier.tuned","cv",3,14.3477401105885,0.185449888168429,0.679462611675262,0.664696335792542,1587.241,3.23300000000017,"RSF","RSF"
"280","433cc025-2d6e-4911-9641-1a456276bb6d",7,"rotterdam (N=2982)","class.binary_enc.removeconstants.reg.scale.ml_ranfor_aorsf_fast.tuned","cv",1,5.65228321116072,0.175783556936056,0.683194160461426,0.640468657016754,454.545,0.795000000000073,"ORSF-fast","ORSF-fast"
"281","433cc025-2d6e-4911-9641-1a456276bb6d",7,"rotterdam (N=2982)","class.binary_enc.removeconstants.reg.scale.ml_ranfor_aorsf_fast.tuned","cv",2,6.57522397301497,0.202495889963284,0.69192373752594,0.664314091205597,468.103,1.04899999999998,"ORSF-fast","ORSF-fast"
"282","433cc025-2d6e-4911-9641-1a456276bb6d",7,"rotterdam (N=2982)","class.binary_enc.removeconstants.reg.scale.ml_ranfor_aorsf_fast.tuned","cv",3,8.97755988524585,0.187950112651309,0.680562198162079,0.664087533950806,489.267,0.962999999999738,"ORSF-fast","ORSF-fast"
"283","baa16b83-0520-4334-b2fb-a2ed0c3d8271",8,"rotterdam (N=2982)","class.binary_enc.removeconstants.reg.scale.ml_ranfor_aorsf_cph.tuned","cv",1,7.95183613033905,0.176631336471815,0.683843672275543,0.639455497264862,592.919,1.32200000000012,"ORSF-cph","ORSF-cph"
"284","baa16b83-0520-4334-b2fb-a2ed0c3d8271",8,"rotterdam (N=2982)","class.binary_enc.removeconstants.reg.scale.ml_ranfor_aorsf_cph.tuned","cv",2,2.18678442198084,0.203985828322408,0.692206144332886,0.664626479148865,591.288,1.05699999999888,"ORSF-cph","ORSF-cph"
"285","baa16b83-0520-4334-b2fb-a2ed0c3d8271",8,"rotterdam (N=2982)","class.binary_enc.removeconstants.reg.scale.ml_ranfor_aorsf_cph.tuned","cv",3,9.07801504422923,0.187571150771326,0.681796371936798,0.665320754051208,588.508,0.885000000000218,"ORSF-cph","ORSF-cph"
"286","f8e1e792-bb98-40fc-86d8-d0ec0cf07173",9,"rotterdam (N=2982)","class.binary_enc.removeconstants.reg.scale.ml_ranfor_aorsf_net.tuned","cv",1,4.11236706153974,0.176270513958157,0.683521807193756,0.639715373516083,5012.07,1.26499999999942,"ORSF-net","ORSF-net"
"287","f8e1e792-bb98-40fc-86d8-d0ec0cf07173",9,"rotterdam (N=2982)","class.binary_enc.removeconstants.reg.scale.ml_ranfor_aorsf_net.tuned","cv",2,5.30509854991453,0.200381610147863,0.689746201038361,0.661711275577545,5368.295,1.39899999999761,"ORSF-net","ORSF-net"
"288","f8e1e792-bb98-40fc-86d8-d0ec0cf07173",9,"rotterdam (N=2982)","class.binary_enc.removeconstants.reg.scale.ml_ranfor_aorsf_net.tuned","cv",3,2.53963288815658,0.185859526928109,0.680325329303741,0.666964054107666,5109.311,0.895999999997002,"ORSF-net","ORSF-net"
"289","5ef94331-65d9-407a-8cb2-511c8a0a2b24",10,"rotterdam (N=2982)","class.binary_enc.removeconstants.reg.scale.surv.aorsfnew_min.tuned","cv",1,7.27592060624595,0.176147576356871,0.683007121086121,0.640300452709198,40033.332,0.298999999999069,"ORSF-lasso-min","ORSF-lasso-min"
"290","5ef94331-65d9-407a-8cb2-511c8a0a2b24",10,"rotterdam (N=2982)","class.binary_enc.removeconstants.reg.scale.surv.aorsfnew_min.tuned","cv",2,10.558548361785,0.194823515035354,0.694206118583679,0.666561663150787,37859.345,0.287000000011176,"ORSF-lasso-min","ORSF-lasso-min"
"291","5ef94331-65d9-407a-8cb2-511c8a0a2b24",10,"rotterdam (N=2982)","class.binary_enc.removeconstants.reg.scale.surv.aorsfnew_min.tuned","cv",3,6.1842865766518,0.187488310363033,0.678576469421387,0.666423916816711,39404.287,0.303000000014435,"ORSF-lasso-min","ORSF-lasso-min"
"292","23365b88-be80-4cc5-bcb5-cd2978874202",11,"rotterdam (N=2982)","class.binary_enc.removeconstants.reg.scale.surv.aorsfnew_se.tuned","cv",1,9.19280201597184,0.183171140830728,0.672676503658295,0.648724615573883,20721.369,0.263000000006286,"ORSF-lasso-net","ORSF-lasso-net"
"293","23365b88-be80-4cc5-bcb5-cd2978874202",11,"rotterdam (N=2982)","class.binary_enc.removeconstants.reg.scale.surv.aorsfnew_se.tuned","cv",2,4.4893403226919,0.195602093356869,0.687168300151825,0.661912560462952,18812.973,0.290999999997439,"ORSF-lasso-net","ORSF-lasso-net"
"294","23365b88-be80-4cc5-bcb5-cd2978874202",11,"rotterdam (N=2982)","class.binary_enc.removeconstants.reg.scale.surv.aorsfnew_se.tuned","cv",3,7.91285325137347,0.189180293465585,0.671365916728973,0.657979726791382,19550.333,0.297000000020489,"ORSF-lasso-net","ORSF-lasso-net"
"295","45f87b2c-0028-4a23-af32-77b088053662",12,"rotterdam (N=2982)","class.binary_enc.removeconstants.reg.scale.surv.aorsfnew_mr_2q.tuned","cv",1,2.09823806471548,0.189099739230421,0.66334056854248,0.629621148109436,10439.948,0.336999999999534,"ORSF-mrmr-2q","ORSF-mrmr-2q"
"296","45f87b2c-0028-4a23-af32-77b088053662",12,"rotterdam (N=2982)","class.binary_enc.removeconstants.reg.scale.surv.aorsfnew_mr_2q.tuned","cv",2,5.7819618786243,0.215642687775518,0.673776805400848,0.650249838829041,7166.65299999999,0.350000000005821,"ORSF-mrmr-2q","ORSF-mrmr-2q"
"297","45f87b2c-0028-4a23-af32-77b088053662",12,"rotterdam (N=2982)","class.binary_enc.removeconstants.reg.scale.surv.aorsfnew_mr_2q.tuned","cv",3,14.5512281633948,0.201263901332159,0.672705411911011,0.652939915657043,9283.44200000001,0.358000000007451,"ORSF-mrmr-2q","ORSF-mrmr-2q"
"298","b55b032f-bafc-42f1-aa0f-2e2fc6f929b8",13,"rotterdam (N=2982)","class.binary_enc.removeconstants.reg.scale.surv.aorsfnew_mr_1q.tuned","cv",1,6.47818629616512,0.178431773776303,0.678795099258423,0.636949300765991,15558.096,0.407999999995809,"ORSF-mrmr-1q","ORSF-mrmr-1q"
"299","b55b032f-bafc-42f1-aa0f-2e2fc6f929b8",13,"rotterdam (N=2982)","class.binary_enc.removeconstants.reg.scale.surv.aorsfnew_mr_1q.tuned","cv",2,7.14146092233275,0.198513300953459,0.689382255077362,0.665977239608765,15594.946,0.386999999987893,"ORSF-mrmr-1q","ORSF-mrmr-1q"
"300","b55b032f-bafc-42f1-aa0f-2e2fc6f929b8",13,"rotterdam (N=2982)","class.binary_enc.removeconstants.reg.scale.surv.aorsfnew_mr_1q.tuned","cv",3,9.5628588834907,0.19009930810084,0.680859088897705,0.663039326667786,16159.733,0.342999999993481,"ORSF-mrmr-1q","ORSF-mrmr-1q"
"301","10690298-3207-47a0-92ca-44054a459218",14,"rotterdam (N=2982)","class.binary_enc.removeconstants.reg.scale.surv.aorsfnew_mr_3q.tuned","cv",1,4.01741719429088,0.200086888901453,0.634497582912445,0.616104662418365,4015.27400000003,0.292000000015832,"ORSF-mrmr-3q","ORSF-mrmr-3q"
"302","10690298-3207-47a0-92ca-44054a459218",14,"rotterdam (N=2982)","class.binary_enc.removeconstants.reg.scale.surv.aorsfnew_mr_3q.tuned","cv",2,4.19818143904879,0.226348067574725,0.652088344097137,0.624592304229736,4587.79200000002,0.310999999986961,"ORSF-mrmr-3q","ORSF-mrmr-3q"
"303","10690298-3207-47a0-92ca-44054a459218",14,"rotterdam (N=2982)","class.binary_enc.removeconstants.reg.scale.surv.aorsfnew_mr_3q.tuned","cv",3,8.36859969025802,0.210414235167551,0.646647572517395,0.62163507938385,4194.114,1.0449999999837,"ORSF-mrmr-3q","ORSF-mrmr-3q"
"304","5a10887b-2fab-44bc-854e-aac7b1467f8a",15,"rotterdam (N=2982)","class.binary_enc.removeconstants.reg.scale.surv.aorsfnew_cv_fndr.tuned","cv",1,4.31996802846968,0.176417488672126,0.683777034282684,0.640763521194458,23416.222,0.334000000031665,"ORSF-cars-fndr","ORSF-cars-fndr"
"305","5a10887b-2fab-44bc-854e-aac7b1467f8a",15,"rotterdam (N=2982)","class.binary_enc.removeconstants.reg.scale.surv.aorsfnew_cv_fndr.tuned","cv",2,7.48167744310273,0.19724773611848,0.691853880882263,0.665066599845886,26259.504,0.402000000001863,"ORSF-cars-fndr","ORSF-cars-fndr"
"306","5a10887b-2fab-44bc-854e-aac7b1467f8a",15,"rotterdam (N=2982)","class.binary_enc.removeconstants.reg.scale.surv.aorsfnew_cv_fndr.tuned","cv",3,7.87888106106272,0.187170363604656,0.679937839508057,0.666682779788971,25583.392,0.329000000027008,"ORSF-cars-fndr","ORSF-cars-fndr"
"307","4966572f-69c7-4985-bf1a-7b4e42af9a6d",16,"rotterdam (N=2982)","class.binary_enc.removeconstants.reg.scale.surv.aorsfnew_cv_1q.tuned","cv",1,6.03701611379922,0.177743862593153,0.683304309844971,0.639071941375732,12072.149,0.298999999999069,"ORSF-cars-1q","ORSF-cars-1q"
"308","4966572f-69c7-4985-bf1a-7b4e42af9a6d",16,"rotterdam (N=2982)","class.binary_enc.removeconstants.reg.scale.surv.aorsfnew_cv_1q.tuned","cv",2,9.47398499548611,0.196967123459121,0.693257093429565,0.66726166009903,11825.194,0.34499999997206,"ORSF-cars-1q","ORSF-cars-1q"
"309","4966572f-69c7-4985-bf1a-7b4e42af9a6d",16,"rotterdam (N=2982)","class.binary_enc.removeconstants.reg.scale.surv.aorsfnew_cv_1q.tuned","cv",3,11.3235803378922,0.18923628382195,0.679275393486023,0.663905799388885,12411.646,0.326000000000931,"ORSF-cars-1q","ORSF-cars-1q"
"310","2d0058df-98dd-4b8a-983d-b37454add38d",17,"rotterdam (N=2982)","class.binary_enc.removeconstants.reg.scale.surv.aorsfnew_cv_2q.tuned","cv",1,4.22603026683659,0.176358566131535,0.684125006198883,0.64240425825119,14414.64,0.365999999979977,"ORSF-cars-2q","ORSF-cars-2q"
"311","2d0058df-98dd-4b8a-983d-b37454add38d",17,"rotterdam (N=2982)","class.binary_enc.removeconstants.reg.scale.surv.aorsfnew_cv_2q.tuned","cv",2,9.17804457818417,0.197414798679739,0.692992150783539,0.665292739868164,15491.624,0.367999999958556,"ORSF-cars-2q","ORSF-cars-2q"
"312","2d0058df-98dd-4b8a-983d-b37454add38d",17,"rotterdam (N=2982)","class.binary_enc.removeconstants.reg.scale.surv.aorsfnew_cv_2q.tuned","cv",3,8.52963611726457,0.187178551735918,0.681386947631836,0.667844414710999,15025.93,0.413999999989755,"ORSF-cars-2q","ORSF-cars-2q"
"313","f0098175-dc67-4f04-9e30-4582f3a3929f",18,"rotterdam (N=2982)","class.binary_enc.removeconstants.reg.scale.surv.aorsfnew_cv_3q.tuned","cv",1,8.1480476157163,0.176741189774802,0.683231830596924,0.642939567565918,15647.258,0.326999999990221,"ORSF-cars-3q","ORSF-cars-3q"
"314","f0098175-dc67-4f04-9e30-4582f3a3929f",18,"rotterdam (N=2982)","class.binary_enc.removeconstants.reg.scale.surv.aorsfnew_cv_3q.tuned","cv",2,8.50903843444798,0.196135809569405,0.692666113376617,0.666100859642029,16195.024,0.342000000004191,"ORSF-cars-3q","ORSF-cars-3q"
"315","f0098175-dc67-4f04-9e30-4582f3a3929f",18,"rotterdam (N=2982)","class.binary_enc.removeconstants.reg.scale.surv.aorsfnew_cv_3q.tuned","cv",3,5.94025692568073,0.187638330743497,0.680775701999664,0.665803670883179,15628.208,0.336999999999534,"ORSF-cars-3q","ORSF-cars-3q"
"316","5415fd21-bfb4-4b5f-aafc-61f85eb8713e",2,"SMARTO (N=3873)","class.binary_enc.removeconstants.reg.scale.class_semipar_coxph","cv",1,0.742239131634079,0.0997577646529021,0.662935435771942,0.741292834281921,1.591,1.231,"coxph","coxph"
"317","5415fd21-bfb4-4b5f-aafc-61f85eb8713e",2,"SMARTO (N=3873)","class.binary_enc.removeconstants.reg.scale.class_semipar_coxph","cv",2,0.747250219259098,0.109576559019336,0.657496750354767,0.663804590702057,1.521,0.837,"coxph","coxph"
"318","5415fd21-bfb4-4b5f-aafc-61f85eb8713e",2,"SMARTO (N=3873)","class.binary_enc.removeconstants.reg.scale.class_semipar_coxph","cv",3,0.453649342444324,0.104759356653729,0.697540521621704,0.725629091262817,1.591,0.759999999999998,"coxph","coxph"
"319","4aeab674-bdb4-4329-946c-ba2f5963f9d3",5,"SMARTO (N=3873)","class.binary_enc.removeconstants.reg.scale.class_semipar_penalized.tuned","cv",1,0.899957635882945,0.0994666674424348,0.666690409183502,0.743199169635773,284.056,0.595000000000027,"Penalized Cox PH","Penalized Cox PH"
"320","4aeab674-bdb4-4329-946c-ba2f5963f9d3",5,"SMARTO (N=3873)","class.binary_enc.removeconstants.reg.scale.class_semipar_penalized.tuned","cv",2,1.20567628412446,0.108159253099053,0.660119831562042,0.653621912002563,236.395,0.743999999999915,"Penalized Cox PH","Penalized Cox PH"
"321","4aeab674-bdb4-4329-946c-ba2f5963f9d3",5,"SMARTO (N=3873)","class.binary_enc.removeconstants.reg.scale.class_semipar_penalized.tuned","cv",3,0.474064969499057,0.104142146179163,0.703264594078064,0.730228841304779,270.191,0.651000000000067,"Penalized Cox PH","Penalized Cox PH"
"322","60b6cd83-7ddc-4915-81e9-8fddf4438980",6,"SMARTO (N=3873)","class.binary_enc.removeconstants.reg.scale.ml_ranfor_rfsrc_brier.tuned","cv",1,0.698014406864379,0.101825414031213,0.667728185653687,0.692345023155212,1226.943,1.1279999999997,"RSF","RSF"
"323","60b6cd83-7ddc-4915-81e9-8fddf4438980",6,"SMARTO (N=3873)","class.binary_enc.removeconstants.reg.scale.ml_ranfor_rfsrc_brier.tuned","cv",2,2.63744737248535,0.110678360402811,0.656931161880493,0.646109879016876,1317.584,1.03900000000067,"RSF","RSF"
"324","60b6cd83-7ddc-4915-81e9-8fddf4438980",6,"SMARTO (N=3873)","class.binary_enc.removeconstants.reg.scale.ml_ranfor_rfsrc_brier.tuned","cv",3,2.07112216973329,0.104980886418499,0.699069201946259,0.712495803833008,1354.964,1.24399999999969,"RSF","RSF"
"325","0feede90-5457-44ab-a7e6-a7a96e62d1ab",7,"SMARTO (N=3873)","class.binary_enc.removeconstants.reg.scale.ml_ranfor_aorsf_fast.tuned","cv",1,1.48266448922248,0.100105303526353,0.665811121463776,0.734291672706604,424.089,1.11399999999958,"ORSF-fast","ORSF-fast"
"326","0feede90-5457-44ab-a7e6-a7a96e62d1ab",7,"SMARTO (N=3873)","class.binary_enc.removeconstants.reg.scale.ml_ranfor_aorsf_fast.tuned","cv",2,1.57329966496272,0.11021475270499,0.664554536342621,0.657613515853882,417.126999999999,1.21200000000044,"ORSF-fast","ORSF-fast"
"327","0feede90-5457-44ab-a7e6-a7a96e62d1ab",7,"SMARTO (N=3873)","class.binary_enc.removeconstants.reg.scale.ml_ranfor_aorsf_fast.tuned","cv",3,1.73133760025591,0.105207853056196,0.709073603153229,0.703197121620178,441.388,1.21299999999974,"ORSF-fast","ORSF-fast"
"328","92eda810-c68c-42fd-9cc1-44d63b7ec03d",8,"SMARTO (N=3873)","class.binary_enc.removeconstants.reg.scale.ml_ranfor_aorsf_cph.tuned","cv",1,1.24806730368533,0.100950775797371,0.661248028278351,0.727975964546204,509.407,1.05799999999999,"ORSF-cph","ORSF-cph"
"329","92eda810-c68c-42fd-9cc1-44d63b7ec03d",8,"SMARTO (N=3873)","class.binary_enc.removeconstants.reg.scale.ml_ranfor_aorsf_cph.tuned","cv",2,1.5675062121453,0.110478755582864,0.660308361053467,0.656066298484802,510.973000000001,1.09000000000015,"ORSF-cph","ORSF-cph"
"330","92eda810-c68c-42fd-9cc1-44d63b7ec03d",8,"SMARTO (N=3873)","class.binary_enc.removeconstants.reg.scale.ml_ranfor_aorsf_cph.tuned","cv",3,2.79369084612778,0.105928486562557,0.703374981880188,0.698488533496857,502.662999999999,0.904999999998836,"ORSF-cph","ORSF-cph"
"331","9acbcf80-eb5f-45e8-b7fd-d5d8f2571fe6",9,"SMARTO (N=3873)","class.binary_enc.removeconstants.reg.scale.ml_ranfor_aorsf_net.tuned","cv",1,1.11784826142718,0.100160667842781,0.66602498292923,0.713159084320068,6240.865,0.846999999999753,"ORSF-net","ORSF-net"
"332","9acbcf80-eb5f-45e8-b7fd-d5d8f2571fe6",9,"SMARTO (N=3873)","class.binary_enc.removeconstants.reg.scale.ml_ranfor_aorsf_net.tuned","cv",2,1.70497544572401,0.110281294643564,0.664079070091248,0.655039846897125,6015.763,1.23300000000017,"ORSF-net","ORSF-net"
"333","9acbcf80-eb5f-45e8-b7fd-d5d8f2571fe6",9,"SMARTO (N=3873)","class.binary_enc.removeconstants.reg.scale.ml_ranfor_aorsf_net.tuned","cv",3,3.09528107346982,0.105442949472711,0.705795407295227,0.702126383781433,5995.948,0.955000000001746,"ORSF-net","ORSF-net"
"334","e0b9b4b8-905f-4eb8-b712-ce9a7f7b13ae",10,"SMARTO (N=3873)","class.binary_enc.removeconstants.reg.scale.surv.aorsfnew_min.tuned","cv",1,0.902674651204727,0.100763837851025,0.669257164001465,0.715991497039795,39292.14,0.61699999999837,"ORSF-lasso-min","ORSF-lasso-min"
"335","e0b9b4b8-905f-4eb8-b712-ce9a7f7b13ae",10,"SMARTO (N=3873)","class.binary_enc.removeconstants.reg.scale.surv.aorsfnew_min.tuned","cv",2,1.57922953399525,0.109755084013744,0.666070997714996,0.656805276870728,46216.909,0.724000000001979,"ORSF-lasso-min","ORSF-lasso-min"
"336","e0b9b4b8-905f-4eb8-b712-ce9a7f7b13ae",10,"SMARTO (N=3873)","class.binary_enc.removeconstants.reg.scale.surv.aorsfnew_min.tuned","cv",3,1.84624531253064,0.105179065927547,0.712632060050964,0.715494990348816,41994.482,0.679999999993015,"ORSF-lasso-min","ORSF-lasso-min"
"337","3e6ce55a-9780-42df-bcbb-c6377639d911",11,"SMARTO (N=3873)","class.binary_enc.removeconstants.reg.scale.surv.aorsfnew_se.tuned","cv",1,0.265372150036618,0.106018751740664,0.68001127243042,0.704488039016724,12507.169,1.62200000000303,"ORSF-lasso-net","ORSF-lasso-net"
"338","3e6ce55a-9780-42df-bcbb-c6377639d911",11,"SMARTO (N=3873)","class.binary_enc.removeconstants.reg.scale.surv.aorsfnew_se.tuned","cv",2,2.43912987298244,0.111009082327131,0.66004604101181,0.638993918895721,16648.497,0.703999999997905,"ORSF-lasso-net","ORSF-lasso-net"
"339","3e6ce55a-9780-42df-bcbb-c6377639d911",11,"SMARTO (N=3873)","class.binary_enc.removeconstants.reg.scale.surv.aorsfnew_se.tuned","cv",3,0.939315246391621,0.107350631443816,0.688028693199158,0.726317226886749,12596.769,0.842999999993481,"ORSF-lasso-net","ORSF-lasso-net"
"340","c9d9559c-8169-462a-b622-452a3f9dfcba",12,"SMARTO (N=3873)","class.binary_enc.removeconstants.reg.scale.surv.aorsfnew_mr_2q.tuned","cv",1,0.877545042859932,0.102837986243058,0.664543569087982,0.715036153793335,15200.588,0.719000000011874,"ORSF-mrmr-2q","ORSF-mrmr-2q"
"341","c9d9559c-8169-462a-b622-452a3f9dfcba",12,"SMARTO (N=3873)","class.binary_enc.removeconstants.reg.scale.surv.aorsfnew_mr_2q.tuned","cv",2,2.3107837302953,0.110713234914369,0.659824728965759,0.655462086200714,15568.675,0.926000000006752,"ORSF-mrmr-2q","ORSF-mrmr-2q"
"342","c9d9559c-8169-462a-b622-452a3f9dfcba",12,"SMARTO (N=3873)","class.binary_enc.removeconstants.reg.scale.surv.aorsfnew_mr_2q.tuned","cv",3,0.440583853899557,0.110400847496722,0.679765284061432,0.693441152572632,14576.746,0.711000000010245,"ORSF-mrmr-2q","ORSF-mrmr-2q"
"343","9a365951-590e-48c5-aa06-5357338fc3b1",13,"SMARTO (N=3873)","class.binary_enc.removeconstants.reg.scale.surv.aorsfnew_mr_1q.tuned","cv",1,1.33108474168484,0.102685327969395,0.658411979675293,0.703844785690308,16503.518,0.889999999984866,"ORSF-mrmr-1q","ORSF-mrmr-1q"
"344","9a365951-590e-48c5-aa06-5357338fc3b1",13,"SMARTO (N=3873)","class.binary_enc.removeconstants.reg.scale.surv.aorsfnew_mr_1q.tuned","cv",2,2.47084248626324,0.110516515960918,0.661144495010376,0.644165277481079,16911.113,0.779999999969732,"ORSF-mrmr-1q","ORSF-mrmr-1q"
"345","9a365951-590e-48c5-aa06-5357338fc3b1",13,"SMARTO (N=3873)","class.binary_enc.removeconstants.reg.scale.surv.aorsfnew_mr_1q.tuned","cv",3,2.83972512850659,0.106497032212176,0.707578897476196,0.703015506267548,17254.075,0.690000000002328,"ORSF-mrmr-1q","ORSF-mrmr-1q"
"346","db55f499-6bc7-4483-a15c-8d716a21c1d4",14,"SMARTO (N=3873)","class.binary_enc.removeconstants.reg.scale.surv.aorsfnew_mr_3q.tuned","cv",1,0.236257365867544,0.107090118038102,0.668037176132202,0.707166790962219,10211.009,0.788000000000466,"ORSF-mrmr-3q","ORSF-mrmr-3q"
"347","db55f499-6bc7-4483-a15c-8d716a21c1d4",14,"SMARTO (N=3873)","class.binary_enc.removeconstants.reg.scale.surv.aorsfnew_mr_3q.tuned","cv",2,1.5089123778609,0.11275086774513,0.661210060119629,0.655243575572968,9440.08400000003,0.720000000030268,"ORSF-mrmr-3q","ORSF-mrmr-3q"
"348","db55f499-6bc7-4483-a15c-8d716a21c1d4",14,"SMARTO (N=3873)","class.binary_enc.removeconstants.reg.scale.surv.aorsfnew_mr_3q.tuned","cv",3,0.404097078949263,0.111039119253233,0.671332001686096,0.70172905921936,8092.462,0.684999999997672,"ORSF-mrmr-3q","ORSF-mrmr-3q"
"349","748403cb-d10e-492f-b1b8-9f3d72d9a2a6",15,"SMARTO (N=3873)","class.binary_enc.removeconstants.reg.scale.surv.aorsfnew_cv_fndr.tuned","cv",1,1.29679844026263,0.100955689917709,0.656748354434967,0.729677677154541,26314.544,0.713000000047032,"ORSF-cars-fndr","ORSF-cars-fndr"
"350","748403cb-d10e-492f-b1b8-9f3d72d9a2a6",15,"SMARTO (N=3873)","class.binary_enc.removeconstants.reg.scale.surv.aorsfnew_cv_fndr.tuned","cv",2,1.38221245586024,0.1114222306231,0.66101336479187,0.655188381671906,23470.424,0.662000000011176,"ORSF-cars-fndr","ORSF-cars-fndr"
"351","748403cb-d10e-492f-b1b8-9f3d72d9a2a6",15,"SMARTO (N=3873)","class.binary_enc.removeconstants.reg.scale.surv.aorsfnew_cv_fndr.tuned","cv",3,3.19015530056884,0.105309714275032,0.708699941635132,0.711556315422058,25323.489,0.675999999977648,"ORSF-cars-fndr","ORSF-cars-fndr"
"352","65db9e22-7e30-46b0-ad75-dc3054eee849",16,"SMARTO (N=3873)","class.binary_enc.removeconstants.reg.scale.surv.aorsfnew_cv_1q.tuned","cv",1,0.513597316962429,0.104287719534555,0.671095073223114,0.712768256664276,12197.094,0.657000000006519,"ORSF-cars-1q","ORSF-cars-1q"
"353","65db9e22-7e30-46b0-ad75-dc3054eee849",16,"SMARTO (N=3873)","class.binary_enc.removeconstants.reg.scale.surv.aorsfnew_cv_1q.tuned","cv",2,2.22026970061926,0.110943646330524,0.666480839252472,0.651244699954987,9813.40500000003,0.872000000032131,"ORSF-cars-1q","ORSF-cars-1q"
"354","65db9e22-7e30-46b0-ad75-dc3054eee849",16,"SMARTO (N=3873)","class.binary_enc.removeconstants.reg.scale.surv.aorsfnew_cv_1q.tuned","cv",3,0.494085860675878,0.108457934482459,0.692886531352997,0.70920318365097,8704.09400000004,0.690000000002328,"ORSF-cars-1q","ORSF-cars-1q"
"355","b4cc1a4a-f61e-4f2d-be99-a3e44d77465f",17,"SMARTO (N=3873)","class.binary_enc.removeconstants.reg.scale.surv.aorsfnew_cv_2q.tuned","cv",1,0.870455905426041,0.103826992599776,0.667712390422821,0.720117032527924,15918.757,0.707000000053085,"ORSF-cars-2q","ORSF-cars-2q"
"356","b4cc1a4a-f61e-4f2d-be99-a3e44d77465f",17,"SMARTO (N=3873)","class.binary_enc.removeconstants.reg.scale.surv.aorsfnew_cv_2q.tuned","cv",2,2.89194654940414,0.11069233019297,0.663857758045197,0.648881196975708,14828.228,0.746999999973923,"ORSF-cars-2q","ORSF-cars-2q"
"357","b4cc1a4a-f61e-4f2d-be99-a3e44d77465f",17,"SMARTO (N=3873)","class.binary_enc.removeconstants.reg.scale.surv.aorsfnew_cv_2q.tuned","cv",3,0.6952963018442,0.108678879835318,0.693107306957245,0.699056386947632,11471.161,0.70599999994738,"ORSF-cars-2q","ORSF-cars-2q"
"358","366947bb-1c8e-465e-bb8e-869e256c1dd1",18,"SMARTO (N=3873)","class.binary_enc.removeconstants.reg.scale.surv.aorsfnew_cv_3q.tuned","cv",1,1.16521493586995,0.101357701567004,0.664987206459045,0.731919050216675,15669.934,1.39299999998184,"ORSF-cars-3q","ORSF-cars-3q"
"359","366947bb-1c8e-465e-bb8e-869e256c1dd1",18,"SMARTO (N=3873)","class.binary_enc.removeconstants.reg.scale.surv.aorsfnew_cv_3q.tuned","cv",2,1.19443065048234,0.110989807209672,0.657390177249908,0.650513589382172,15765.785,0.773999999975786,"ORSF-cars-3q","ORSF-cars-3q"
"360","366947bb-1c8e-465e-bb8e-869e256c1dd1",18,"SMARTO (N=3873)","class.binary_enc.removeconstants.reg.scale.surv.aorsfnew_cv_3q.tuned","cv",3,3.33668541253374,0.106490878728221,0.703001320362091,0.704842984676361,14615.78,0.723999999987427,"ORSF-cars-3q","ORSF-cars-3q"
"361","98f4732b-f4b5-4608-908a-74b8e2131873",2,"TRACE (N=1878)","class.binary_enc.removeconstants.reg.scale.class_semipar_coxph","cv",1,3.89566086572773,0.161158885732376,0.737550377845764,0.734512746334076,0.311999999999999,0.218999999999998,"coxph","coxph"
"362","98f4732b-f4b5-4608-908a-74b8e2131873",2,"TRACE (N=1878)","class.binary_enc.removeconstants.reg.scale.class_semipar_coxph","cv",2,23.7557510957762,0.166275039615085,0.729946315288544,0.720088601112366,0.314,0.211000000000002,"coxph","coxph"
"363","98f4732b-f4b5-4608-908a-74b8e2131873",2,"TRACE (N=1878)","class.binary_enc.removeconstants.reg.scale.class_semipar_coxph","cv",3,3.27770578362564,0.160602245077383,0.745360612869263,0.73986828327179,0.314,0.507999999999999,"coxph","coxph"
"364","84ba7079-4b73-4543-9582-5e92ed9ee158",5,"TRACE (N=1878)","class.binary_enc.removeconstants.reg.scale.class_semipar_penalized.tuned","cv",1,3.60885252415431,0.161311615250579,0.737287998199463,0.73510730266571,66.09,0.208000000000027,"Penalized Cox PH","Penalized Cox PH"
"365","84ba7079-4b73-4543-9582-5e92ed9ee158",5,"TRACE (N=1878)","class.binary_enc.removeconstants.reg.scale.class_semipar_penalized.tuned","cv",2,17.2875780928352,0.166180321628563,0.729822278022766,0.7199866771698,67.561,0.224999999999966,"Penalized Cox PH","Penalized Cox PH"
"366","84ba7079-4b73-4543-9582-5e92ed9ee158",5,"TRACE (N=1878)","class.binary_enc.removeconstants.reg.scale.class_semipar_penalized.tuned","cv",3,3.27770578362565,0.160602245077383,0.745360612869263,0.73986828327179,67.851,0.287000000000035,"Penalized Cox PH","Penalized Cox PH"
"367","b1caacb5-9ec6-43a2-83a1-cb3f7ae3b8d1",6,"TRACE (N=1878)","class.binary_enc.removeconstants.reg.scale.ml_ranfor_rfsrc_brier.tuned","cv",1,4.06897980206121,0.164184525526416,0.735361516475677,0.733428776264191,592.048,0.978000000000065,"RSF","RSF"
"368","b1caacb5-9ec6-43a2-83a1-cb3f7ae3b8d1",6,"TRACE (N=1878)","class.binary_enc.removeconstants.reg.scale.ml_ranfor_rfsrc_brier.tuned","cv",2,4.25363170530744,0.167335819735427,0.72682136297226,0.712717831134796,628.565,1.04200000000014,"RSF","RSF"
"369","b1caacb5-9ec6-43a2-83a1-cb3f7ae3b8d1",6,"TRACE (N=1878)","class.binary_enc.removeconstants.reg.scale.ml_ranfor_rfsrc_brier.tuned","cv",3,2.68140865647342,0.161284690670173,0.749495565891266,0.744577705860138,610.999,0.66800000000012,"RSF","RSF"
"370","31b6a65e-5ba5-4b4f-a6e5-2911ecc32772",7,"TRACE (N=1878)","class.binary_enc.removeconstants.reg.scale.ml_ranfor_aorsf_fast.tuned","cv",1,7.04733227891858,0.16344720838997,0.736455976963043,0.736663043498993,205.482,0.636999999999716,"ORSF-fast","ORSF-fast"
"371","31b6a65e-5ba5-4b4f-a6e5-2911ecc32772",7,"TRACE (N=1878)","class.binary_enc.removeconstants.reg.scale.ml_ranfor_aorsf_fast.tuned","cv",2,40.0345434997513,0.166945511123006,0.729543209075928,0.718422293663025,200.375,0.476000000000113,"ORSF-fast","ORSF-fast"
"372","31b6a65e-5ba5-4b4f-a6e5-2911ecc32772",7,"TRACE (N=1878)","class.binary_enc.removeconstants.reg.scale.ml_ranfor_aorsf_fast.tuned","cv",3,4.38049345669245,0.161360076594484,0.746431231498718,0.738991022109985,204.836,0.48700000000008,"ORSF-fast","ORSF-fast"
"373","77dc76f3-eed6-476a-97e9-d51c140b4abb",8,"TRACE (N=1878)","class.binary_enc.removeconstants.reg.scale.ml_ranfor_aorsf_cph.tuned","cv",1,4.98200144309743,0.163382096755562,0.737419188022614,0.73721581697464,250.983,0.510000000000218,"ORSF-cph","ORSF-cph"
"374","77dc76f3-eed6-476a-97e9-d51c140b4abb",8,"TRACE (N=1878)","class.binary_enc.removeconstants.reg.scale.ml_ranfor_aorsf_cph.tuned","cv",2,8.46036420832616,0.165900248327949,0.731465697288513,0.720217704772949,240.67,0.55600000000004,"ORSF-cph","ORSF-cph"
"375","77dc76f3-eed6-476a-97e9-d51c140b4abb",8,"TRACE (N=1878)","class.binary_enc.removeconstants.reg.scale.ml_ranfor_aorsf_cph.tuned","cv",3,1.85775112660853,0.161324518013478,0.746283650398254,0.737726211547852,263.342,0.847000000000207,"ORSF-cph","ORSF-cph"
"376","a545c9b4-f2b2-4d3e-9a63-8fb60983ebd4",9,"TRACE (N=1878)","class.binary_enc.removeconstants.reg.scale.ml_ranfor_aorsf_net.tuned","cv",1,3.95641703784146,0.163872829565365,0.735074996948242,0.735593438148499,3381.624,0.780999999999949,"ORSF-net","ORSF-net"
"377","a545c9b4-f2b2-4d3e-9a63-8fb60983ebd4",9,"TRACE (N=1878)","class.binary_enc.removeconstants.reg.scale.ml_ranfor_aorsf_net.tuned","cv",2,6.22237305227063,0.16618559846251,0.730156481266022,0.715997517108917,3280.845,0.476000000000568,"ORSF-net","ORSF-net"
"378","a545c9b4-f2b2-4d3e-9a63-8fb60983ebd4",9,"TRACE (N=1878)","class.binary_enc.removeconstants.reg.scale.ml_ranfor_aorsf_net.tuned","cv",3,2.09483476531694,0.161126019180913,0.747803807258606,0.743364095687866,3185.945,0.468000000000757,"ORSF-net","ORSF-net"
"379","5a68177f-1c8a-4416-9a61-ebb4cdc0c102",10,"TRACE (N=1878)","class.binary_enc.removeconstants.reg.scale.surv.aorsfnew_min.tuned","cv",1,2.890879305677,0.162939116135406,0.737854242324829,0.738689959049225,29723.226,0.230999999999767,"ORSF-lasso-min","ORSF-lasso-min"
"380","5a68177f-1c8a-4416-9a61-ebb4cdc0c102",10,"TRACE (N=1878)","class.binary_enc.removeconstants.reg.scale.surv.aorsfnew_min.tuned","cv",2,3.86808013869591,0.165161875205778,0.7325199842453,0.721748173236847,29257.269,0.228000000002794,"ORSF-lasso-min","ORSF-lasso-min"
"381","5a68177f-1c8a-4416-9a61-ebb4cdc0c102",10,"TRACE (N=1878)","class.binary_enc.removeconstants.reg.scale.surv.aorsfnew_min.tuned","cv",3,0.690378648815895,0.159971890408312,0.74960196018219,0.743964016437531,29165.907,0.205000000001746,"ORSF-lasso-min","ORSF-lasso-min"
"382","4578fc7c-6bdb-4094-9ddf-62d387c0a051",11,"TRACE (N=1878)","class.binary_enc.removeconstants.reg.scale.surv.aorsfnew_se.tuned","cv",1,7.70484310414937,0.164281154976842,0.736846089363098,0.736287593841553,22802.666,0.207999999998719,"ORSF-lasso-net","ORSF-lasso-net"
"383","4578fc7c-6bdb-4094-9ddf-62d387c0a051",11,"TRACE (N=1878)","class.binary_enc.removeconstants.reg.scale.surv.aorsfnew_se.tuned","cv",2,6.49006950274994,0.166476444646106,0.732747375965118,0.719265520572662,23255.426,0.206000000005588,"ORSF-lasso-net","ORSF-lasso-net"
"384","4578fc7c-6bdb-4094-9ddf-62d387c0a051",11,"TRACE (N=1878)","class.binary_enc.removeconstants.reg.scale.surv.aorsfnew_se.tuned","cv",3,3.92140511275103,0.164763308735011,0.746132671833038,0.740337789058685,22800.578,0.216000000014901,"ORSF-lasso-net","ORSF-lasso-net"
"385","8df9869f-5ba1-4570-8adb-e4b1a987a858",12,"TRACE (N=1878)","class.binary_enc.removeconstants.reg.scale.surv.aorsfnew_mr_2q.tuned","cv",1,7.25634921370839,0.168914098503829,0.730175912380219,0.730684757232666,6686.33900000001,0.24800000002142,"ORSF-mrmr-2q","ORSF-mrmr-2q"
"386","8df9869f-5ba1-4570-8adb-e4b1a987a858",12,"TRACE (N=1878)","class.binary_enc.removeconstants.reg.scale.surv.aorsfnew_mr_2q.tuned","cv",2,6.99387257626849,0.173226717111159,0.719555139541626,0.706988751888275,7394.48799999998,0.23399999999674,"ORSF-mrmr-2q","ORSF-mrmr-2q"
"387","8df9869f-5ba1-4570-8adb-e4b1a987a858",12,"TRACE (N=1878)","class.binary_enc.removeconstants.reg.scale.surv.aorsfnew_mr_2q.tuned","cv",3,8.34254135335581,0.180828892897787,0.747127830982208,0.741334915161133,5195.73300000001,0.229999999981374,"ORSF-mrmr-2q","ORSF-mrmr-2q"
"388","629239ce-c523-43f8-9f25-730d5af72ff0",13,"TRACE (N=1878)","class.binary_enc.removeconstants.reg.scale.surv.aorsfnew_mr_1q.tuned","cv",1,4.27985916271141,0.164435472350965,0.735931217670441,0.735321819782257,9967.83600000001,0.255999999993946,"ORSF-mrmr-1q","ORSF-mrmr-1q"
"389","629239ce-c523-43f8-9f25-730d5af72ff0",13,"TRACE (N=1878)","class.binary_enc.removeconstants.reg.scale.surv.aorsfnew_mr_1q.tuned","cv",2,2.94163740572424,0.166564498311203,0.72787219285965,0.714863359928131,9337.94500000001,0.230000000010477,"ORSF-mrmr-1q","ORSF-mrmr-1q"
"390","629239ce-c523-43f8-9f25-730d5af72ff0",13,"TRACE (N=1878)","class.binary_enc.removeconstants.reg.scale.surv.aorsfnew_mr_1q.tuned","cv",3,3.59235143957229,0.160605734169246,0.748847007751465,0.742123067378998,9363.283,0.238000000012107,"ORSF-mrmr-1q","ORSF-mrmr-1q"
"391","23c18042-2b35-41c5-8d19-8f5cd9da38a3",14,"TRACE (N=1878)","class.binary_enc.removeconstants.reg.scale.surv.aorsfnew_mr_3q.tuned","cv",1,5.45200880474787,0.213255296847917,0.719897925853729,0.723333537578583,2336.48999999999,0.230999999999767,"ORSF-mrmr-3q","ORSF-mrmr-3q"
"392","23c18042-2b35-41c5-8d19-8f5cd9da38a3",14,"TRACE (N=1878)","class.binary_enc.removeconstants.reg.scale.surv.aorsfnew_mr_3q.tuned","cv",2,6.81699508038762,0.209055978654724,0.707275867462158,0.700678944587708,2444.55299999999,0.230999999999767,"ORSF-mrmr-3q","ORSF-mrmr-3q"
"393","23c18042-2b35-41c5-8d19-8f5cd9da38a3",14,"TRACE (N=1878)","class.binary_enc.removeconstants.reg.scale.surv.aorsfnew_mr_3q.tuned","cv",3,3.94521466366736,0.212380939600922,0.710846364498138,0.703442215919495,2418.45000000001,0.260999999998603,"ORSF-mrmr-3q","ORSF-mrmr-3q"
"394","4298a8a4-56f1-4212-a56d-5087703370f9",15,"TRACE (N=1878)","class.binary_enc.removeconstants.reg.scale.surv.aorsfnew_cv_fndr.tuned","cv",1,10.0357851588843,0.16534645456508,0.738568902015686,0.736637532711029,16168.083,0.207000000023982,"ORSF-cars-fndr","ORSF-cars-fndr"
"395","4298a8a4-56f1-4212-a56d-5087703370f9",15,"TRACE (N=1878)","class.binary_enc.removeconstants.reg.scale.surv.aorsfnew_cv_fndr.tuned","cv",2,2.72868496831381,0.165231668566252,0.732161700725555,0.718566119670868,15268.04,0.214999999996508,"ORSF-cars-fndr","ORSF-cars-fndr"
"396","4298a8a4-56f1-4212-a56d-5087703370f9",15,"TRACE (N=1878)","class.binary_enc.removeconstants.reg.scale.surv.aorsfnew_cv_fndr.tuned","cv",3,3.5536991744976,0.161944334216691,0.748442113399506,0.74071192741394,17120.312,0.222000000008848,"ORSF-cars-fndr","ORSF-cars-fndr"
"397","ec6e30ff-ee9f-476f-bce1-d980a88d76e5",16,"TRACE (N=1878)","class.binary_enc.removeconstants.reg.scale.surv.aorsfnew_cv_1q.tuned","cv",1,4.59507192523929,0.16425814119619,0.734526038169861,0.735001862049103,8800.38199999998,0.255999999993946,"ORSF-cars-1q","ORSF-cars-1q"
"398","ec6e30ff-ee9f-476f-bce1-d980a88d76e5",16,"TRACE (N=1878)","class.binary_enc.removeconstants.reg.scale.surv.aorsfnew_cv_1q.tuned","cv",2,6.64372222160916,0.166870125374225,0.731031596660614,0.717087268829346,9005.85599999997,0.260000000009313,"ORSF-cars-1q","ORSF-cars-1q"
"399","ec6e30ff-ee9f-476f-bce1-d980a88d76e5",16,"TRACE (N=1878)","class.binary_enc.removeconstants.reg.scale.surv.aorsfnew_cv_1q.tuned","cv",3,2.23322293572873,0.160524343183989,0.749049484729767,0.744621455669403,9606.576,0.239000000001397,"ORSF-cars-1q","ORSF-cars-1q"
"400","b4f5ad44-3271-4db4-b6fc-87ded63115b0",17,"TRACE (N=1878)","class.binary_enc.removeconstants.reg.scale.surv.aorsfnew_cv_2q.tuned","cv",1,5.89767187266101,0.162821239279346,0.738938271999359,0.739130556583405,10020.042,0.241000000038184,"ORSF-cars-2q","ORSF-cars-2q"
"401","b4f5ad44-3271-4db4-b6fc-87ded63115b0",17,"TRACE (N=1878)","class.binary_enc.removeconstants.reg.scale.surv.aorsfnew_cv_2q.tuned","cv",2,5.35062655794183,0.166170772155107,0.731031596660614,0.717085361480713,9815.62700000004,0.212999999988824,"ORSF-cars-2q","ORSF-cars-2q"
"402","b4f5ad44-3271-4db4-b6fc-87ded63115b0",17,"TRACE (N=1878)","class.binary_enc.removeconstants.reg.scale.surv.aorsfnew_cv_2q.tuned","cv",3,1.31178018732092,0.160604683683906,0.74824994802475,0.740011692047119,9285.47000000003,0.23699999996461,"ORSF-cars-2q","ORSF-cars-2q"
"403","f727b355-34a5-435f-af32-de5a19b26137",18,"TRACE (N=1878)","class.binary_enc.removeconstants.reg.scale.surv.aorsfnew_cv_3q.tuned","cv",1,4.86161301687247,0.163207601658071,0.738510191440582,0.73825615644455,9723.02400000003,0.26500000001397,"ORSF-cars-3q","ORSF-cars-3q"
"404","f727b355-34a5-435f-af32-de5a19b26137",18,"TRACE (N=1878)","class.binary_enc.removeconstants.reg.scale.surv.aorsfnew_cv_3q.tuned","cv",2,5.58212240266635,0.165905993942312,0.731489837169647,0.717477262020111,10059.468,0.23499999998603,"ORSF-cars-3q","ORSF-cars-3q"
"405","f727b355-34a5-435f-af32-de5a19b26137",18,"TRACE (N=1878)","class.binary_enc.removeconstants.reg.scale.surv.aorsfnew_cv_3q.tuned","cv",3,1.62715637879414,0.160638895109849,0.747680306434631,0.739874422550201,9407.88099999999,0.26600000000326,"ORSF-cars-3q","ORSF-cars-3q"
"406","f6b86ae8-2911-4d52-9e1a-f3062c3d3ec5",2,"whas (N=461)","class.binary_enc.removeconstants.reg.scale.class_semipar_coxph","cv",1,2.94069182207971,0.151721663416086,0.752051770687103,0.780020892620087,0.556999999999999,0.145,"coxph","coxph"
"407","f6b86ae8-2911-4d52-9e1a-f3062c3d3ec5",2,"whas (N=461)","class.binary_enc.removeconstants.reg.scale.class_semipar_coxph","cv",2,6.39296401687711,0.1529977384569,0.80745142698288,0.928455412387848,0.591999999999999,0.189,"coxph","coxph"
"408","f6b86ae8-2911-4d52-9e1a-f3062c3d3ec5",2,"whas (N=461)","class.binary_enc.removeconstants.reg.scale.class_semipar_coxph","cv",3,26.2224452972378,0.145964998494952,0.741639852523804,0.738441228866577,0.556999999999999,0.135000000000002,"coxph","coxph"
"409","c7d1dd7d-e0ef-4b05-b6ed-dcf18965da3c",5,"whas (N=461)","class.binary_enc.removeconstants.reg.scale.class_semipar_penalized.tuned","cv",1,2.32235629420867,0.156705888956337,0.756944417953491,0.778564393520355,86.517,0.180999999999983,"Penalized Cox PH","Penalized Cox PH"
"410","c7d1dd7d-e0ef-4b05-b6ed-dcf18965da3c",5,"whas (N=461)","class.binary_enc.removeconstants.reg.scale.class_semipar_penalized.tuned","cv",2,5.76799619063243,0.149938195486433,0.821422815322876,0.932254076004028,85.3430000000001,0.15300000000002,"Penalized Cox PH","Penalized Cox PH"
"411","c7d1dd7d-e0ef-4b05-b6ed-dcf18965da3c",5,"whas (N=461)","class.binary_enc.removeconstants.reg.scale.class_semipar_penalized.tuned","cv",3,26.0032111389329,0.146067262450055,0.741639852523804,0.738579273223877,87.481,0.163000000000011,"Penalized Cox PH","Penalized Cox PH"
"412","1812d0b6-1180-44a0-85ce-387602384aea",6,"whas (N=461)","class.binary_enc.removeconstants.reg.scale.ml_ranfor_rfsrc_brier.tuned","cv",1,2.04742973588989,0.173288643114732,0.742266416549683,0.765890657901764,117.782,0.182999999999993,"RSF","RSF"
"413","1812d0b6-1180-44a0-85ce-387602384aea",6,"whas (N=461)","class.binary_enc.removeconstants.reg.scale.ml_ranfor_rfsrc_brier.tuned","cv",2,6.2928786181734,0.180428758279962,0.819656312465668,0.93218857049942,115.703,0.211999999999989,"RSF","RSF"
"414","1812d0b6-1180-44a0-85ce-387602384aea",6,"whas (N=461)","class.binary_enc.removeconstants.reg.scale.ml_ranfor_rfsrc_brier.tuned","cv",3,7.24913688814175,0.150204749677205,0.742926061153412,0.733812868595123,117.059,0.170000000000073,"RSF","RSF"
"415","2c87c03d-807e-411d-8ec1-423b154d6ff3",7,"whas (N=461)","class.binary_enc.removeconstants.reg.scale.ml_ranfor_aorsf_fast.tuned","cv",1,6.93438138316683,0.160432419122885,0.753945708274841,0.782857120037079,99.028,0.192000000000007,"ORSF-fast","ORSF-fast"
"416","2c87c03d-807e-411d-8ec1-423b154d6ff3",7,"whas (N=461)","class.binary_enc.removeconstants.reg.scale.ml_ranfor_aorsf_fast.tuned","cv",2,6.77779986918268,0.156094859655243,0.829773545265198,0.932937622070312,99.8150000000001,0.16599999999994,"ORSF-fast","ORSF-fast"
"417","2c87c03d-807e-411d-8ec1-423b154d6ff3",7,"whas (N=461)","class.binary_enc.removeconstants.reg.scale.ml_ranfor_aorsf_fast.tuned","cv",3,3.20785092682002,0.145187033881582,0.748713850975037,0.741116404533386,99.0360000000001,0.216999999999871,"ORSF-fast","ORSF-fast"
"418","27464763-c8ce-42df-98ad-3f92c9e510fb",8,"whas (N=461)","class.binary_enc.removeconstants.reg.scale.ml_ranfor_aorsf_cph.tuned","cv",1,3.35078361210845,0.153967600086149,0.75915402173996,0.790101587772369,109.52,0.163000000000011,"ORSF-cph","ORSF-cph"
"419","27464763-c8ce-42df-98ad-3f92c9e510fb",8,"whas (N=461)","class.binary_enc.removeconstants.reg.scale.ml_ranfor_aorsf_cph.tuned","cv",2,5.8683252764146,0.168526654913748,0.824634671211243,0.930325567722321,108.384,0.170000000000073,"ORSF-cph","ORSF-cph"
"420","27464763-c8ce-42df-98ad-3f92c9e510fb",8,"whas (N=461)","class.binary_enc.removeconstants.reg.scale.ml_ranfor_aorsf_cph.tuned","cv",3,5.1817339173941,0.143614437943272,0.747909963130951,0.738354623317719,106.853,0.174999999999955,"ORSF-cph","ORSF-cph"
"421","dbcb9aed-bb7e-4f3b-b8c9-646dc7f9b7eb",9,"whas (N=461)","class.binary_enc.removeconstants.reg.scale.ml_ranfor_aorsf_net.tuned","cv",1,6.28535884613377,0.158139272745051,0.758680582046509,0.785844564437866,790.059,0.179000000000087,"ORSF-net","ORSF-net"
"422","dbcb9aed-bb7e-4f3b-b8c9-646dc7f9b7eb",9,"whas (N=461)","class.binary_enc.removeconstants.reg.scale.ml_ranfor_aorsf_net.tuned","cv",2,4.63093652190886,0.168782432450838,0.819656312465668,0.92935711145401,789.088,0.157000000000153,"ORSF-net","ORSF-net"
"423","dbcb9aed-bb7e-4f3b-b8c9-646dc7f9b7eb",9,"whas (N=461)","class.binary_enc.removeconstants.reg.scale.ml_ranfor_aorsf_net.tuned","cv",3,4.09105082494369,0.14698043405474,0.752572357654572,0.743679583072662,756.113,0.161000000000058,"ORSF-net","ORSF-net"
"424","2caebe54-2c95-4dd3-bde4-d8d728edd4ac",10,"whas (N=461)","class.binary_enc.removeconstants.reg.scale.surv.aorsfnew_min.tuned","cv",1,3.94440786936807,0.161962716672922,0.751420438289642,0.780741274356842,8890.495,0.192000000000917,"ORSF-lasso-min","ORSF-lasso-min"
"425","2caebe54-2c95-4dd3-bde4-d8d728edd4ac",10,"whas (N=461)","class.binary_enc.removeconstants.reg.scale.surv.aorsfnew_min.tuned","cv",2,9.05934544623629,0.165796835676179,0.820780456066132,0.931826233863831,8914.95,0.16899999999805,"ORSF-lasso-min","ORSF-lasso-min"
"426","2caebe54-2c95-4dd3-bde4-d8d728edd4ac",10,"whas (N=461)","class.binary_enc.removeconstants.reg.scale.surv.aorsfnew_min.tuned","cv",3,2.74613420762086,0.145898034051546,0.758681654930115,0.74659126996994,8939.118,0.164999999997235,"ORSF-lasso-min","ORSF-lasso-min"
"427","b84c8332-dce9-4cc9-8c4f-1c91f7222433",11,"whas (N=461)","class.binary_enc.removeconstants.reg.scale.surv.aorsfnew_se.tuned","cv",1,5.93652759878955,0.176376593328638,0.755366146564484,0.776053428649902,10827.343,0.184000000001106,"ORSF-lasso-net","ORSF-lasso-net"
"428","b84c8332-dce9-4cc9-8c4f-1c91f7222433",11,"whas (N=461)","class.binary_enc.removeconstants.reg.scale.surv.aorsfnew_se.tuned","cv",2,4.28060067804327,0.174657440634211,0.79219526052475,0.926799118518829,8936.59699999999,0.190999999998894,"ORSF-lasso-net","ORSF-lasso-net"
"429","b84c8332-dce9-4cc9-8c4f-1c91f7222433",11,"whas (N=461)","class.binary_enc.removeconstants.reg.scale.surv.aorsfnew_se.tuned","cv",3,5.07012976579462,0.165732007320007,0.758038580417633,0.748494565486908,10411.042,0.163999999997031,"ORSF-lasso-net","ORSF-lasso-net"
"430","05de5e10-f34f-45e0-886c-78368a42c93f",12,"whas (N=461)","class.binary_enc.removeconstants.reg.scale.surv.aorsfnew_mr_2q.tuned","cv",1,2.95525723056055,0.165554702303356,0.733112394809723,0.774632275104523,2432.536,0.197999999996682,"ORSF-mrmr-2q","ORSF-mrmr-2q"
"431","05de5e10-f34f-45e0-886c-78368a42c93f",12,"whas (N=461)","class.binary_enc.removeconstants.reg.scale.surv.aorsfnew_mr_2q.tuned","cv",2,5.49958136933634,0.185622947855162,0.807612001895905,0.92704963684082,2603.361,0.1990000000078,"ORSF-mrmr-2q","ORSF-mrmr-2q"
"432","05de5e10-f34f-45e0-886c-78368a42c93f",12,"whas (N=461)","class.binary_enc.removeconstants.reg.scale.surv.aorsfnew_mr_2q.tuned","cv",3,6.11074017303547,0.160168981467346,0.74517685174942,0.742744505405426,2589.485,0.160000000003492,"ORSF-mrmr-2q","ORSF-mrmr-2q"
"433","b369cee8-1cd3-4be2-9487-833de652db9f",13,"whas (N=461)","class.binary_enc.removeconstants.reg.scale.surv.aorsfnew_mr_1q.tuned","cv",1,4.96644415511419,0.163368556866582,0.747474730014801,0.780566990375519,2188.13399999999,0.163000000000466,"ORSF-mrmr-1q","ORSF-mrmr-1q"
"434","b369cee8-1cd3-4be2-9487-833de652db9f",13,"whas (N=461)","class.binary_enc.removeconstants.reg.scale.surv.aorsfnew_mr_1q.tuned","cv",2,5.85433315553534,0.178006675744477,0.819977521896362,0.931563675403595,2398.019,0.197000000000116,"ORSF-mrmr-1q","ORSF-mrmr-1q"
"435","b369cee8-1cd3-4be2-9487-833de652db9f",13,"whas (N=461)","class.binary_enc.removeconstants.reg.scale.surv.aorsfnew_mr_1q.tuned","cv",3,2.04397878688625,0.14853918454703,0.74517685174942,0.737396121025085,2338.51699999999,0.171000000002095,"ORSF-mrmr-1q","ORSF-mrmr-1q"
"436","83ea161f-6abd-4a98-a988-4e6a27c535db",14,"whas (N=461)","class.binary_enc.removeconstants.reg.scale.surv.aorsfnew_mr_3q.tuned","cv",1,3.4787672424512,0.190721694347753,0.72174870967865,0.769796192646027,2392.82799999999,0.162000000011176,"ORSF-mrmr-3q","ORSF-mrmr-3q"
"437","83ea161f-6abd-4a98-a988-4e6a27c535db",14,"whas (N=461)","class.binary_enc.removeconstants.reg.scale.surv.aorsfnew_mr_3q.tuned","cv",2,1.46320231248809,0.210117851670915,0.792355895042419,0.24428915977478,1974.264,0.160000000003492,"ORSF-mrmr-3q","ORSF-mrmr-3q"
"438","83ea161f-6abd-4a98-a988-4e6a27c535db",14,"whas (N=461)","class.binary_enc.removeconstants.reg.scale.surv.aorsfnew_mr_3q.tuned","cv",3,4.53590374750832,0.177565807193856,0.723633468151093,0.723803520202637,2273.73,0.167000000001281,"ORSF-mrmr-3q","ORSF-mrmr-3q"
"439","940721ce-7797-421c-911e-f17e5e01a209",15,"whas (N=461)","class.binary_enc.removeconstants.reg.scale.surv.aorsfnew_cv_fndr.tuned","cv",1,5.37897733763878,0.15771710129319,0.753787875175476,0.785243809223175,3625.72600000001,0.164000000004307,"ORSF-cars-fndr","ORSF-cars-fndr"
"440","940721ce-7797-421c-911e-f17e5e01a209",15,"whas (N=461)","class.binary_enc.removeconstants.reg.scale.surv.aorsfnew_cv_fndr.tuned","cv",2,4.31707378435912,0.168067526944195,0.821583449840546,0.93096399307251,3862.55100000001,0.167000000001281,"ORSF-cars-fndr","ORSF-cars-fndr"
"441","940721ce-7797-421c-911e-f17e5e01a209",15,"whas (N=461)","class.binary_enc.removeconstants.reg.scale.surv.aorsfnew_cv_fndr.tuned","cv",3,3.12093637240954,0.148270077231957,0.747588396072388,0.740914225578308,3958.22300000001,0.209000000002561,"ORSF-cars-fndr","ORSF-cars-fndr"
"442","562e2a25-529b-4163-b5be-c0aced3798b2",16,"whas (N=461)","class.binary_enc.removeconstants.reg.scale.surv.aorsfnew_cv_1q.tuned","cv",1,5.18325147870294,0.163315958748329,0.760101020336151,0.788655161857605,2596.07399999999,0.169999999998254,"ORSF-cars-1q","ORSF-cars-1q"
"443","562e2a25-529b-4163-b5be-c0aced3798b2",16,"whas (N=461)","class.binary_enc.removeconstants.reg.scale.surv.aorsfnew_cv_1q.tuned","cv",2,5.55082512930255,0.169016897263913,0.826401174068451,0.932255268096924,2268.686,0.165999999997439,"ORSF-cars-1q","ORSF-cars-1q"
"444","562e2a25-529b-4163-b5be-c0aced3798b2",16,"whas (N=461)","class.binary_enc.removeconstants.reg.scale.surv.aorsfnew_cv_1q.tuned","cv",3,4.5476493987421,0.148214453656598,0.752411603927612,0.745473861694336,2391.993,0.163000000000466,"ORSF-cars-1q","ORSF-cars-1q"
"445","f4998732-19e3-4f8e-a3b8-5dc600addcd6",17,"whas (N=461)","class.binary_enc.removeconstants.reg.scale.surv.aorsfnew_cv_2q.tuned","cv",1,5.95692140672878,0.163003971555357,0.756313145160675,0.790501534938812,2081.458,0.209999999991851,"ORSF-cars-2q","ORSF-cars-2q"
"446","f4998732-19e3-4f8e-a3b8-5dc600addcd6",17,"whas (N=461)","class.binary_enc.removeconstants.reg.scale.surv.aorsfnew_cv_2q.tuned","cv",2,3.86374392449607,0.159300398423759,0.823189318180084,0.931827783584595,2581.81299999999,0.164000000004307,"ORSF-cars-2q","ORSF-cars-2q"
"447","f4998732-19e3-4f8e-a3b8-5dc600addcd6",17,"whas (N=461)","class.binary_enc.removeconstants.reg.scale.surv.aorsfnew_cv_2q.tuned","cv",3,6.29371049068281,0.149832824268764,0.754501581192017,0.74849945306778,2271.461,0.25,"ORSF-cars-2q","ORSF-cars-2q"
"448","2e3777dc-6b34-4c06-b55f-e402e1bb66c7",18,"whas (N=461)","class.binary_enc.removeconstants.reg.scale.surv.aorsfnew_cv_3q.tuned","cv",1,5.15480362933552,0.157711154537917,0.755208313465118,0.78532862663269,2128.03499999999,0.211000000010245,"ORSF-cars-3q","ORSF-cars-3q"
"449","2e3777dc-6b34-4c06-b55f-e402e1bb66c7",18,"whas (N=461)","class.binary_enc.removeconstants.reg.scale.surv.aorsfnew_cv_3q.tuned","cv",2,4.79241744927598,0.158482137198959,0.828810036182404,0.934151947498322,2198.442,0.201000000000931,"ORSF-cars-3q","ORSF-cars-3q"
"450","2e3777dc-6b34-4c06-b55f-e402e1bb66c7",18,"whas (N=461)","class.binary_enc.removeconstants.reg.scale.surv.aorsfnew_cv_3q.tuned","cv",3,3.54606996955769,0.146733817099566,0.746463000774384,0.734285593032837,2283.727,0.167000000001281,"ORSF-cars-3q","ORSF-cars-3q"
